t_s,x,y,yaw,dtrans_m,drot_rad,cmd_lin,cmd_ang,stamp_age_s,moving
0.57,-0.0297,-0.0486,0.0384,,,0.0,0.0,-0.775,0
1.07,-0.0297,-0.0486,0.0384,0.0,0.0,0.0,0.0,-0.879,0
1.57,-0.0297,-0.0486,0.0384,0.0,0.0,0.0,0.0,-0.876,0
2.07,-0.0297,-0.0486,0.0384,0.0,0.0,0.0,0.0,-0.873,0
2.57,-0.0297,-0.0486,0.0384,0.0,0.0,0.0,0.0,-0.868,0
3.07,-0.0297,-0.0486,0.0384,0.0,0.0,0.0,0.0,-0.769,0
3.57,-0.0297,-0.0486,0.0384,0.0,0.0,0.0,0.0,-0.871,0
4.07,-0.0297,-0.0486,0.0384,0.0,0.0,0.0,0.0,-0.87,0
4.57,-0.0297,-0.0486,0.0384,0.0,0.0,0.0,0.0,-0.77,0
5.07,-0.0297,-0.0486,0.0384,0.0,0.0,0.0,0.0,-0.868,0
5.56,-0.0297,-0.0486,0.0384,0.0,0.0,0.0,0.0,-0.866,0
6.07,-0.0297,-0.0486,0.0384,0.0,0.0,0.0,0.0,-0.765,0
6.57,-0.0297,-0.0486,0.0384,0.0,0.0,0.0,0.0,-0.864,0
7.07,-0.0297,-0.0486,0.0384,0.0,0.0,0.0,0.0,-0.864,0
7.57,-0.0297,-0.0486,0.0384,0.0,0.0,0.0,0.0,-0.863,0
8.06,-0.0297,-0.0486,0.0384,0.0,0.0,0.0,0.0,-0.863,0
8.57,-0.0297,-0.0486,0.0384,0.0,0.0,0.0,0.0,-0.862,0
9.07,-0.0297,-0.0486,0.0384,0.0,0.0,0.0,0.0,-0.861,0
9.57,-0.0297,-0.0486,0.0384,0.0,0.0,0.0,0.0,-0.861,0
10.07,-0.0297,-0.0486,0.0384,0.0,0.0,0.0,0.0,-0.86,0
10.57,-0.0297,-0.0486,0.0384,0.0,0.0,0.0,0.0,-0.859,0
11.06,-0.0297,-0.0486,0.0384,0.0,0.0,0.0,0.0,-0.859,0
11.57,-0.0297,-0.0486,0.0384,0.0,0.0,0.0,0.0,-0.858,0
12.07,-0.0297,-0.0486,0.0384,0.0,0.0,0.0,0.0,-0.858,0
12.57,-0.0297,-0.0486,0.0384,0.0,0.0,0.0,0.0,-0.857,0
13.07,-0.0297,-0.0486,0.0384,0.0,0.0,0.0,0.0,-0.857,0
13.57,-0.0297,-0.0486,0.0384,0.0,0.0,0.0,0.0,-0.857,0
14.07,-0.0297,-0.0486,0.0384,0.0,0.0,0.0,0.0,-0.856,0
14.57,-0.0297,-0.0486,0.0384,0.0,0.0,0.0,0.0,-0.855,0
15.07,-0.0297,-0.0486,0.0384,0.0,0.0,0.0,0.0,-0.854,0
15.57,-0.0297,-0.0486,0.0384,0.0,0.0,0.0,0.0,-0.853,0
16.07,-0.0297,-0.0486,0.0384,0.0,0.0,0.0,0.0,-0.855,0
16.57,-0.0297,-0.0486,0.0384,0.0,0.0,0.0,0.0,-0.856,0
17.07,-0.0297,-0.0486,0.0384,0.0,0.0,0.0,0.0,-0.856,0
17.57,-0.0297,-0.0486,0.0384,0.0,0.0,0.0,0.0,-0.855,0
18.07,-0.0297,-0.0486,0.0384,0.0,0.0,0.0,0.0,-0.853,0
18.57,-0.0297,-0.0486,0.0384,0.0,0.0,0.0,0.0,-0.856,0
19.07,-0.0297,-0.0486,0.0384,0.0,0.0,0.0,0.0,-0.849,0
19.57,-0.0297,-0.0486,0.0384,0.0,0.0,0.0,0.0,-0.857,0
20.07,-0.0297,-0.0486,0.0384,0.0,0.0,0.0,0.0,-0.855,0
20.57,-0.0297,-0.0486,0.0384,0.0,0.0,0.0,0.0,-0.854,0
21.07,-0.0297,-0.0486,0.0384,0.0,0.0,0.0,0.0,-0.854,0
21.57,-0.0297,-0.0486,0.0384,0.0,0.0,0.0,0.0,-0.857,0
22.07,-0.0297,-0.0486,0.0384,0.0,0.0,0.0,0.0,-0.857,0
22.57,-0.0297,-0.0486,0.0384,0.0,0.0,0.0,0.0,-0.856,0
23.07,-0.0297,-0.0486,0.0384,0.0,0.0,0.0,0.0,-0.856,0
23.57,-0.0297,-0.0486,0.0384,0.0,0.0,0.0,0.0,-0.855,0
24.07,-0.0297,-0.0486,0.0384,0.0,0.0,0.0,0.0,-0.853,0
24.57,-0.0297,-0.0486,0.0384,0.0,0.0,0.0,0.0,-0.853,0
25.06,-0.0297,-0.0486,0.0384,0.0,0.0,0.0,0.0,-0.853,0
25.56,-0.0297,-0.0486,0.0384,0.0,0.0,0.0,0.0,-0.852,0
26.07,-0.0297,-0.0486,0.0384,0.0,0.0,0.0,0.0,-0.852,0
26.57,-0.0297,-0.0486,0.0384,0.0,0.0,0.0,0.0,-0.851,0
27.07,-0.0297,-0.0486,0.0384,0.0,0.0,0.0,0.0,-0.85,0
27.57,-0.0297,-0.0486,0.0384,0.0,0.0,0.0,0.0,-0.849,0
28.07,-0.0297,-0.0486,0.0384,0.0,0.0,0.0,0.0,-0.849,0
28.57,-0.0297,-0.0486,0.0384,0.0,0.0,0.0,0.0,-0.85,0
29.07,-0.0297,-0.0486,0.0384,0.0,0.0,0.0,0.0,-0.849,0
29.57,-0.0297,-0.0486,0.0384,0.0,0.0,0.0,0.0,-0.844,0
30.07,-0.0297,-0.0486,0.0384,0.0,0.0,0.0,0.0,-0.842,0
30.57,-0.0297,-0.0486,0.0384,0.0,0.0,0.0,0.0,-0.841,0
31.07,-0.0297,-0.0486,0.0384,0.0,0.0,0.0,0.0,-0.843,0
31.57,-0.0297,-0.0486,0.0384,0.0,0.0,0.0,0.0,-0.845,0
32.07,-0.0297,-0.0486,0.0384,0.0,0.0,0.0,0.0,-0.845,0
32.57,-0.0297,-0.0486,0.0384,0.0,0.0,0.0,0.0,-0.845,0
33.07,-0.0297,-0.0486,0.0384,0.0,0.0,0.0,0.0,-0.842,0
33.57,-0.0297,-0.0486,0.0384,0.0,0.0,0.0,0.0,-0.842,0
34.07,-0.0297,-0.0486,0.0384,0.0,0.0,0.0,0.0,-0.842,0
34.57,-0.0297,-0.0486,0.0384,0.0,0.0,0.0,0.0,-0.838,0
35.07,-0.0297,-0.0486,0.0384,0.0,0.0,0.0,0.0,-0.84,0
35.57,-0.0297,-0.0486,0.0384,0.0,0.0,0.0,0.0,-0.839,0
36.07,-0.0297,-0.0486,0.0384,0.0,0.0,0.0,0.0,-0.838,0
36.57,-0.0297,-0.0486,0.0384,0.0,0.0,0.0,0.0,-0.838,0
37.06,-0.0297,-0.0486,0.0384,0.0,0.0,0.0,0.0,-0.841,0
37.57,-0.0297,-0.0486,0.0384,0.0,0.0,0.0,0.0,-0.84,0
38.07,-0.0297,-0.0486,0.0384,0.0,0.0,0.0,0.0,-0.839,0
38.57,-0.0297,-0.0486,0.0384,0.0,0.0,0.0,0.0,-0.838,0
39.07,-0.0297,-0.0486,0.0384,0.0,0.0,0.0,0.0,-0.836,0
39.56,-0.0297,-0.0486,0.0384,0.0,0.0,0.0,0.0,-0.836,0
40.07,-0.0297,-0.0486,0.0384,0.0,0.0,0.0,0.0,-0.836,0
40.57,-0.0297,-0.0486,0.0384,0.0,0.0,0.0,0.0,-0.838,0
41.07,-0.0297,-0.0486,0.0384,0.0,0.0,0.0,0.0,-0.838,0
41.56,-0.0297,-0.0486,0.0384,0.0,0.0,0.0,0.0,-0.837,0
42.07,-0.0297,-0.0486,0.0384,0.0,0.0,0.0,0.0,-0.836,0
42.56,-0.0297,-0.0486,0.0384,0.0,0.0,0.0,0.0,-0.835,0
43.07,-0.0297,-0.0486,0.0384,0.0,0.0,0.0,0.0,-0.835,0
43.57,-0.0297,-0.0486,0.0384,0.0,0.0,0.0,0.0,-0.837,0
44.07,-0.0297,-0.0486,0.0384,0.0,0.0,0.0,0.0,-0.837,0
44.57,-0.0297,-0.0486,0.0384,0.0,0.0,0.0,0.0,-0.834,0
45.07,-0.0297,-0.0486,0.0384,0.0,0.0,0.0,0.0,-0.834,0
45.57,-0.0297,-0.0486,0.0384,0.0,0.0,0.0,0.0,-0.836,0
46.06,-0.0297,-0.0486,0.0384,0.0,0.0,0.0,0.0,-0.837,0
46.56,-0.0297,-0.0486,0.0384,0.0,0.0,0.0,0.0,-0.836,0
47.07,-0.0297,-0.0486,0.0384,0.0,0.0,0.0,0.0,-0.835,0
47.56,-0.0297,-0.0486,0.0384,0.0,0.0,0.0,0.0,-0.834,0
48.07,-0.0297,-0.0486,0.0384,0.0,0.0,0.0,0.0,-0.834,0
48.57,-0.0297,-0.0486,0.0384,0.0,0.0,0.0,0.0,-0.834,0
49.07,-0.0297,-0.0486,0.0384,0.0,0.0,0.0,0.0,-0.835,0
49.56,-0.0297,-0.0486,0.0384,0.0,0.0,0.0,0.0,-0.835,0
50.07,-0.0297,-0.0486,0.0384,0.0,0.0,0.0,0.0,-0.834,0
50.57,-0.0297,-0.0486,0.0384,0.0,0.0,0.0,0.0,-0.834,0
51.06,-0.0297,-0.0486,0.0384,0.0,0.0,0.0,0.0,-0.836,0
51.56,-0.0297,-0.0486,0.0384,0.0,0.0,0.0,0.0,-0.835,0
52.06,-0.0297,-0.0486,0.0384,0.0,0.0,0.0,0.0,-0.834,0
52.56,-0.0297,-0.0486,0.0384,0.0,0.0,0.0,0.0,-0.834,0
53.07,-0.0297,-0.0486,0.0384,0.0,0.0,0.0,0.0,-0.833,0
53.57,-0.0297,-0.0486,0.0384,0.0,0.0,0.0,0.0,-0.832,0
54.07,-0.0297,-0.0486,0.0384,0.0,0.0,0.0,0.0,-0.831,0
54.57,-0.0297,-0.0486,0.0384,0.0,0.0,0.0,0.0,-0.833,0
55.07,-0.0297,-0.0486,0.0384,0.0,0.0,0.0,0.0,-0.833,0
55.57,-0.0297,-0.0486,0.0384,0.0,0.0,0.0,0.0,-0.833,0
56.07,-0.0297,-0.0486,0.0384,0.0,0.0,0.0,0.0,-0.831,0
56.57,-0.0297,-0.0486,0.0384,0.0,0.0,0.0,0.0,-0.831,0
57.07,-0.0297,-0.0486,0.0384,0.0,0.0,0.0,0.0,-0.829,0
57.56,-0.0297,-0.0486,0.0384,0.0,0.0,0.0,0.0,-0.829,0
58.06,-0.0297,-0.0486,0.0384,0.0,0.0,0.0,0.0,-0.832,0
58.57,-0.0297,-0.0486,0.0384,0.0,0.0,0.0,0.0,-0.831,0
59.07,-0.0297,-0.0486,0.0384,0.0,0.0,0.0,0.0,-0.83,0
59.56,-0.0297,-0.0486,0.0384,0.0,0.0,0.0,0.0,-0.826,0
60.06,-0.0297,-0.0486,0.0384,0.0,0.0,0.0,0.0,-0.824,0
60.57,-0.0297,-0.0486,0.0384,0.0,0.0,0.0,0.0,-0.823,0
61.06,-0.0297,-0.0486,0.0384,0.0,0.0,0.0,0.0,-0.825,0
61.56,-0.0297,-0.0486,0.0384,0.0,0.0,0.0,0.0,-0.826,0
62.07,-0.0297,-0.0486,0.0384,0.0,0.0,0.0,0.0,-0.825,0
62.57,-0.0297,-0.0486,0.0384,0.0,0.0,0.0,0.0,-0.723,0
63.07,-0.0297,-0.0486,0.0384,0.0,0.0,0.0,0.0,-0.824,0
63.57,-0.0297,-0.0486,0.0384,0.0,0.0,0.0,0.0,-0.82,0
64.07,-0.0297,-0.0486,0.0384,0.0,0.0,0.0,0.0,-0.827,0
64.57,-0.0297,-0.0486,0.0384,0.0,0.0,0.0,0.0,-0.826,0
65.07,-0.0297,-0.0486,0.0384,0.0,0.0,0.0,0.0,-0.825,0
65.56,-0.0297,-0.0486,0.0384,0.0,0.0,0.0,0.0,-0.825,0
66.07,-0.0297,-0.0486,0.0384,0.0,0.0,0.0,0.0,-0.822,0
66.57,-0.0297,-0.0486,0.0384,0.0,0.0,0.0,0.0,-0.828,0
67.07,-0.0297,-0.0486,0.0384,0.0,0.0,0.0,0.0,-0.829,0
67.56,-0.0297,-0.0486,0.0384,0.0,0.0,0.0,0.0,-0.829,0
68.07,-0.0297,-0.0486,0.0384,0.0,0.0,0.0,0.0,-0.819,0
68.57,-0.0297,-0.0486,0.0384,0.0,0.0,0.0,0.0,-0.82,0
69.06,-0.0297,-0.0486,0.0384,0.0,0.0,0.0,0.0,-0.818,0
69.57,-0.0297,-0.0486,0.0384,0.0,0.0,0.0,0.0,-0.816,0
70.07,-0.0297,-0.0486,0.0384,0.0,0.0,0.0,0.0,-0.818,0
70.57,-0.0297,-0.0486,0.0384,0.0,0.0,0.0,0.0,-0.82,0
71.07,-0.0297,-0.0486,0.0384,0.0,0.0,0.0,0.0,-0.818,0
71.56,-0.0297,-0.0486,0.0384,0.0,0.0,0.0,0.0,-0.815,0
72.07,-0.0297,-0.0486,0.0384,0.0,0.0,0.0,0.0,-0.811,0
72.57,-0.0297,-0.0486,0.0384,0.0,0.0,0.187,0.0,-0.81,1
73.07,-0.0297,-0.0486,0.0384,0.0,0.0,0.3,0.0,-0.81,1
73.57,-0.0297,-0.0486,0.0384,0.0,0.0,0.3,0.0,-0.809,1
74.06,-0.0369,-0.0622,0.0314,0.0153,0.007,0.3,0.0,-0.809,1
74.58,-0.0369,-0.0622,0.0314,0.0,0.0,0.3,0.0,-0.796,1
75.07,-0.0428,-0.0352,0.0419,0.0276,0.0105,0.3,0.0,-0.811,1
75.57,-0.0278,-0.051,0.0349,0.0218,0.007,0.3,0.0,-0.81,1
76.07,-0.0171,-0.0357,0.0401,0.0186,0.0052,0.3,0.0,-0.81,1
76.57,-0.0171,-0.0357,0.0401,0.0,0.0,0.3,0.0,-0.809,1
77.07,0.0048,-0.0427,0.0384,0.023,0.0017,0.3,0.0,-0.805,1
77.57,0.0048,-0.0527,0.0384,0.01,0.0,0.0,0.0,-0.803,0
78.07,0.0048,-0.0527,0.0384,0.0,0.0,-0.25,0.0,-0.801,1
78.57,0.0048,-0.0527,0.0384,0.0,0.0,-0.25,0.0,-0.801,1
79.07,0.0048,-0.0527,0.0384,0.0,0.0,-0.25,0.0,-0.803,1
79.56,0.0541,0.0029,0.0349,0.0743,0.0035,-0.25,0.0,-0.802,1
80.07,0.0541,0.0029,0.0349,0.0,0.0,-0.25,0.0,-0.8,1
80.57,0.0382,0.005,0.0366,0.016,0.0017,-0.25,0.0,-0.798,1
81.07,0.0256,0.0179,0.0401,0.0181,0.0035,-0.25,0.0,-0.799,1
81.57,0.0256,0.0179,0.0401,0.0,0.0,-0.25,0.0,-0.801,1
82.07,0.0177,0.0155,0.0366,0.0082,0.0035,-0.25,0.0,-0.802,1
82.57,0.016,0.0174,0.0401,0.0025,0.0035,-0.25,0.0,-0.802,1
83.07,0.016,0.0174,0.0401,0.0,0.0,-0.25,0.0,-0.8,1
83.56,0.0136,0.0201,0.0471,0.0037,0.007,-0.137,0.0,-0.8,1
84.07,0.0136,0.0201,0.0471,0.0,0.0,0.153,0.0,-0.796,1
84.57,0.0136,0.0201,0.0471,0.0,0.0,0.525,0.0,-0.799,1
85.07,0.0136,0.0201,0.0471,0.0,0.0,0.55,0.0,-0.797,1
85.56,-0.0509,-0.056,0.0366,0.0997,0.0105,0.55,0.0,-0.798,1
86.07,-0.0433,-0.0633,0.0401,0.0105,0.0035,0.55,0.0,-0.792,1
86.57,-0.0296,-0.0602,0.0419,0.0141,0.0017,0.55,0.0,-0.798,1
87.07,-0.021,-0.0651,0.0384,0.0098,0.0035,0.55,0.0,-0.798,1
87.56,-0.0132,-0.0675,0.0401,0.0082,0.0017,0.55,0.0,-0.798,1
88.07,-0.0184,-0.0717,0.0436,0.0067,0.0035,0.437,0.0,-0.799,1
88.56,0.0374,-0.0482,0.0401,0.0605,0.0035,-0.188,0.0,-0.798,1
89.07,0.0374,-0.0482,0.0401,0.0,0.0,-0.25,0.0,-0.797,1
89.56,0.0374,-0.0482,0.0401,0.0,0.0,-0.25,0.0,-0.796,1
90.06,0.0874,0.0018,0.0401,0.0707,0.0,-0.25,0.0,-0.794,1
90.56,0.0927,-0.0041,0.0366,0.008,0.0035,-0.25,0.0,-0.795,1
91.07,0.0927,-0.0041,0.0366,0.0,0.0,-0.25,0.0,-0.796,1
91.57,0.0636,0.0059,0.0401,0.0307,0.0035,-0.25,0.0,-0.796,1
92.06,0.0614,0.0103,0.0401,0.005,0.0,-0.25,0.0,-0.795,1
92.57,0.0614,0.0103,0.0401,0.0,0.0,-0.25,0.0,-0.793,1
93.06,0.056,0.0104,0.0401,0.0053,0.0,-0.25,0.0,-0.791,1
93.57,0.056,0.0104,0.0401,0.0,0.0,-0.25,0.0,-0.791,1
94.07,0.0409,0.0156,0.0401,0.016,0.0,-0.25,0.0,-0.793,1
94.57,0.0279,0.0186,0.0436,0.0133,0.0035,-0.25,0.0,-0.793,1
95.06,0.0279,0.0186,0.0436,0.0,0.0,-0.25,0.0,-0.792,1
95.56,0.0305,0.0262,0.0401,0.008,0.0035,-0.25,0.0,-0.791,1
96.07,0.0126,0.0344,0.0366,0.0197,0.0035,-0.25,0.0,-0.789,1
96.57,0.0126,0.0344,0.0366,0.0,0.0,-0.25,0.0,-0.791,1
97.06,0.0109,0.0456,0.0401,0.0114,0.0035,-0.212,0.0,-0.792,1
97.57,0.0109,0.0456,0.0401,0.0,0.0,0.0,0.0,-0.791,0
98.07,0.0109,0.0456,0.0401,0.0,0.0,0.0,0.0,-0.788,0
98.57,0.0109,0.0456,0.0401,0.0,0.0,0.0,0.0,-0.787,0
99.07,0.0109,0.0456,0.0401,0.0,0.0,0.0,0.0,-0.787,0
99.57,0.0109,0.0456,0.0401,0.0,0.0,0.0,0.0,-0.788,0
100.07,0.0109,0.0456,0.0401,0.0,0.0,0.0,0.0,-0.789,0
100.57,0.0109,0.0456,0.0401,0.0,0.0,0.0,0.0,-0.787,0
101.06,0.0109,0.0456,0.0401,0.0,0.0,0.0,0.0,-0.787,0
101.57,0.0109,0.0456,0.0401,0.0,0.0,0.0,0.0,-0.784,0
102.07,0.0109,0.0456,0.0401,0.0,0.0,0.0,0.0,-0.785,0
102.56,0.0109,0.0456,0.0401,0.0,0.0,0.0,0.0,-0.787,0
103.07,0.0109,0.0456,0.0401,0.0,0.0,0.0,0.0,-0.787,0
103.56,0.0109,0.0456,0.0401,0.0,0.0,0.0,0.0,-0.787,0
104.07,0.0109,0.0456,0.0401,0.0,0.0,0.0,0.0,-0.785,0
104.57,0.0109,0.0456,0.0401,0.0,0.0,0.0,0.0,-0.784,0
105.07,0.0109,0.0456,0.0401,0.0,0.0,0.0,0.0,-0.785,0
105.56,0.0109,0.0456,0.0401,0.0,0.0,0.0,0.0,-0.786,0
106.06,0.0109,0.0456,0.0401,0.0,0.0,0.0,0.0,-0.785,0
106.56,0.0109,0.0456,0.0401,0.0,0.0,0.0,0.0,-0.784,0
107.07,0.0109,0.0456,0.0401,0.0,0.0,0.0,0.0,-0.783,0
107.57,0.0109,0.0456,0.0401,0.0,0.0,0.0,0.0,-0.785,0
108.07,0.0109,0.0456,0.0401,0.0,0.0,0.0,0.0,-0.785,0
108.57,0.0109,0.0456,0.0401,0.0,0.0,0.0,0.0,-0.783,0
109.06,0.0109,0.0456,0.0401,0.0,0.0,0.0,0.0,-0.782,0
109.57,0.0109,0.0456,0.0401,0.0,0.0,0.0,0.0,-0.782,0
110.06,0.0109,0.0456,0.0401,0.0,0.0,0.0,0.0,-0.784,0
110.56,0.0109,0.0456,0.0401,0.0,0.0,0.0,0.0,-0.783,0
111.07,0.0109,0.0456,0.0401,0.0,0.0,0.0,0.0,-0.78,0
111.57,0.0109,0.0456,0.0401,0.0,0.0,0.0,0.0,-0.779,0
112.07,0.0109,0.0456,0.0401,0.0,0.0,0.0,0.0,-0.778,0
112.57,0.0109,0.0456,0.0401,0.0,0.0,0.0,0.0,-0.78,0
113.07,0.0109,0.0456,0.0401,0.0,0.0,0.0,0.0,-0.779,0
113.57,0.0109,0.0456,0.0401,0.0,0.0,0.0,0.0,-0.777,0
114.06,0.0109,0.0456,0.0401,0.0,0.0,0.0,0.0,-0.779,0
114.56,0.0109,0.0456,0.0401,0.0,0.0,0.0,0.0,-0.78,0
115.06,0.0109,0.0456,0.0401,0.0,0.0,0.0,0.0,-0.878,0
115.57,0.0109,0.0456,0.0401,0.0,0.0,0.0,0.0,-0.877,0
116.06,0.0109,0.0456,0.0401,0.0,0.0,0.0,0.0,-0.877,0
116.56,0.0109,0.0456,0.0401,0.0,0.0,0.0,0.0,-0.879,0
117.06,0.0109,0.0456,0.0401,0.0,0.0,0.0,0.0,-0.778,0
117.57,0.0109,0.0456,0.0401,0.0,0.0,0.0,0.0,-0.876,0
118.06,0.0109,0.0456,0.0401,0.0,0.0,0.0,0.0,-0.876,0
118.57,0.0109,0.0456,0.0401,0.0,0.0,0.0,0.0,-0.777,0
119.07,0.0109,0.0456,0.0401,0.0,0.0,0.0,0.0,-0.778,0
119.57,0.0109,0.0456,0.0401,0.0,0.0,0.0,0.0,-0.777,0
120.07,0.0109,0.0456,0.0401,0.0,0.0,0.0,0.0,-0.876,0
120.57,0.0109,0.0456,0.0401,0.0,0.0,0.0,0.0,-0.875,0
121.07,0.0109,0.0456,0.0401,0.0,0.0,0.0,0.0,-0.777,0
121.56,0.0109,0.0456,0.0401,0.0,0.0,0.0,0.0,-0.878,0
122.07,0.0109,0.0456,0.0401,0.0,0.0,0.0,0.0,-0.876,0
122.57,0.0109,0.0456,0.0401,0.0,0.0,0.0,0.0,-0.775,0
123.07,0.0109,0.0456,0.0401,0.0,0.0,0.0,0.0,-0.873,0
123.56,0.0109,0.0456,0.0401,0.0,0.0,0.0,0.0,-0.875,0
124.07,0.0109,0.0456,0.0401,0.0,0.0,0.0,0.0,-0.776,0
124.57,0.0109,0.0456,0.0401,0.0,0.0,0.0,0.0,-0.875,0
125.07,0.0109,0.0456,0.0401,0.0,0.0,0.0,0.0,-0.774,0
125.57,0.0109,0.0456,0.0401,0.0,0.0,0.0,0.0,-0.873,0
126.06,0.0109,0.0456,0.0401,0.0,0.0,0.0,0.0,-0.872,0
126.57,0.0109,0.0456,0.0401,0.0,0.0,0.0,0.0,-0.872,0
127.07,0.0109,0.0456,0.0401,0.0,0.0,0.0,0.0,-0.874,0
127.57,0.0109,0.0456,0.0401,0.0,0.0,0.0,0.0,-0.773,0
128.07,0.0109,0.0456,0.0401,0.0,0.0,0.0,0.0,-0.87,0
128.57,0.0109,0.0456,0.0401,0.0,0.0,0.0,0.0,-0.869,0
129.07,0.0109,0.0456,0.0401,0.0,0.0,0.0,0.0,-0.871,0
129.57,0.0109,0.0456,0.0401,0.0,0.0,0.0,0.0,-0.871,0
130.06,0.0109,0.0456,0.0401,0.0,0.0,0.0,0.0,-0.869,0
130.57,0.0109,0.0456,0.0401,0.0,0.0,0.0,0.0,-0.869,0
131.07,0.0109,0.0456,0.0401,0.0,0.0,0.0,0.0,-0.871,0
131.57,0.0109,0.0456,0.0401,0.0,0.0,0.0,0.0,-0.87,0
132.07,0.0109,0.0456,0.0401,0.0,0.0,0.0,0.0,-0.868,0
132.57,0.0109,0.0456,0.0401,0.0,0.0,0.0,0.0,-0.868,0
133.07,0.0109,0.0456,0.0401,0.0,0.0,0.0,0.0,-0.767,0
133.56,0.0109,0.0456,0.0401,0.0,0.0,0.0,0.0,-0.871,0
134.07,0.0109,0.0456,0.0401,0.0,0.0,0.0,0.0,-0.868,0
134.57,0.0109,0.0456,0.0401,0.0,0.0,0.0,0.0,-0.867,0
135.07,0.0109,0.0456,0.0401,0.0,0.0,0.0,0.0,-0.868,0
135.57,0.0109,0.0456,0.0401,0.0,0.0,0.0,0.0,-0.868,0
136.07,0.0109,0.0456,0.0401,0.0,0.0,0.0,0.0,-0.868,0
136.57,0.0109,0.0456,0.0401,0.0,0.0,0.0,0.0,-0.763,0
137.07,0.0109,0.0456,0.0401,0.0,0.0,0.0,0.0,-0.766,0
137.56,0.0109,0.0456,0.0401,0.0,0.0,0.0,0.0,-0.868,0
138.07,0.0109,0.0456,0.0401,0.0,0.0,0.0,0.0,-0.867,0
138.56,0.0109,0.0456,0.0401,0.0,0.0,0.0,0.0,-0.865,0
139.07,0.0109,0.0456,0.0401,0.0,0.0,0.0,0.0,-0.866,0
139.57,0.0109,0.0456,0.0401,0.0,0.0,0.0,0.0,-0.867,0
140.07,0.0109,0.0456,0.0401,0.0,0.0,0.0,0.0,-0.866,0
140.57,0.0109,0.0456,0.0401,0.0,0.0,0.0,0.0,-0.866,0
141.07,0.0109,0.0456,0.0401,0.0,0.0,0.0,0.0,-0.866,0
141.56,0.0109,0.0456,0.0401,0.0,0.0,0.0,0.0,-0.867,0
142.07,0.0109,0.0456,0.0401,0.0,0.0,0.0,0.0,-0.768,0
142.57,0.0109,0.0456,0.0401,0.0,0.0,0.0,0.0,-0.86,0
143.07,0.0109,0.0456,0.0401,0.0,0.0,0.0,0.0,-0.865,0
143.57,0.0109,0.0456,0.0401,0.0,0.0,0.0,0.0,-0.866,0
144.07,0.0109,0.0456,0.0401,0.0,0.0,0.0,0.0,-0.866,0
144.57,0.0109,0.0456,0.0401,0.0,0.0,0.0,0.0,-0.866,0
145.07,0.0109,0.0456,0.0401,0.0,0.0,0.0,0.0,-0.864,0
145.57,0.0109,0.0456,0.0401,0.0,0.0,0.0,0.0,-0.864,0
146.06,0.0109,0.0456,0.0401,0.0,0.0,0.0,0.0,-0.865,0
146.57,0.0109,0.0456,0.0401,0.0,0.0,0.0,0.0,-0.863,0
147.06,0.0109,0.0456,0.0401,0.0,0.0,0.0,0.0,-0.862,0
147.56,0.0109,0.0456,0.0401,0.0,0.0,0.0,0.0,-0.864,0
148.07,0.0109,0.0456,0.0401,0.0,0.0,0.0,0.0,-0.865,0
148.56,0.0109,0.0456,0.0401,0.0,0.0,0.0,0.0,-0.864,0
149.07,0.0109,0.0456,0.0401,0.0,0.0,0.0,0.0,-0.861,0
149.56,0.0109,0.0456,0.0401,0.0,0.0,0.0,0.0,-0.864,0
150.07,0.0109,0.0456,0.0401,0.0,0.0,0.0,0.0,-0.864,0
150.57,0.0109,0.0456,0.0401,0.0,0.0,0.0,0.0,-0.86,0
151.07,0.0109,0.0456,0.0401,0.0,0.0,0.0,0.0,-0.861,0
151.57,0.0109,0.0456,0.0401,0.0,0.0,0.0,0.0,-0.861,0
152.06,0.0109,0.0456,0.0401,0.0,0.0,0.0,0.0,-0.863,0
152.56,0.0109,0.0456,0.0401,0.0,0.0,0.0,0.0,-0.862,0
153.07,0.0109,0.0456,0.0401,0.0,0.0,0.0,0.0,-0.859,0
153.57,0.0109,0.0456,0.0401,0.0,0.0,0.0,0.0,-0.859,0
154.07,0.0109,0.0456,0.0401,0.0,0.0,0.0,0.0,-0.86,0
154.57,0.0109,0.0456,0.0401,0.0,0.0,0.0,0.0,-0.86,0
155.06,0.0109,0.0456,0.0401,0.0,0.0,0.0,0.0,-0.858,0
155.57,0.0109,0.0456,0.0401,0.0,0.0,0.0,0.0,-0.856,0
156.07,0.0109,0.0456,0.0401,0.0,0.0,0.0,0.0,-0.856,0
156.57,0.0109,0.0456,0.0401,0.0,0.0,0.0,0.0,-0.857,0
157.07,0.0109,0.0456,0.0401,0.0,0.0,0.0,0.0,-0.857,0
157.57,0.0109,0.0456,0.0401,0.0,0.0,0.0,0.0,-0.855,0
158.07,0.0109,0.0456,0.0401,0.0,0.0,0.0,0.0,-0.854,0
158.57,0.0109,0.0456,0.0401,0.0,0.0,0.0,0.0,-0.855,0
159.06,0.0109,0.0456,0.0401,0.0,0.0,0.0,0.0,-0.855,0
159.57,0.0109,0.0456,0.0401,0.0,0.0,0.0,0.0,-0.854,0
160.06,0.0109,0.0456,0.0401,0.0,0.0,0.0,0.0,-0.852,0
160.57,0.0109,0.0456,0.0401,0.0,0.0,0.0,0.0,-0.853,0
161.06,0.0109,0.0456,0.0401,0.0,0.0,0.0,0.0,-0.854,0
161.57,0.0109,0.0456,0.0401,0.0,0.0,0.0,0.0,-0.852,0
162.07,0.0109,0.0456,0.0401,0.0,0.0,0.0,0.0,-0.85,0
162.57,0.0109,0.0456,0.0401,0.0,0.0,0.0,0.0,-0.851,0
163.07,0.0109,0.0456,0.0401,0.0,0.0,0.0,0.0,-0.852,0
163.57,0.0109,0.0456,0.0401,0.0,0.0,0.0,0.0,-0.851,0
164.07,0.0109,0.0456,0.0401,0.0,0.0,0.0,0.0,-0.848,0
164.57,0.0109,0.0456,0.0401,0.0,0.0,0.0,0.0,-0.847,0
165.07,0.0109,0.0456,0.0401,0.0,0.0,0.0,0.0,-0.845,0
165.57,0.0109,0.0456,0.0401,0.0,0.0,0.0,0.0,-0.844,0
166.07,0.0109,0.0456,0.0401,0.0,0.0,0.0,0.0,-0.847,0
166.57,0.0109,0.0456,0.0401,0.0,0.0,0.0,0.0,-0.847,0
167.07,0.0109,0.0456,0.0401,0.0,0.0,0.0,0.0,-0.845,0
167.56,0.0109,0.0456,0.0401,0.0,0.0,0.0,0.0,-0.846,0
168.07,0.0109,0.0456,0.0401,0.0,0.0,0.0,0.0,-0.847,0
168.57,0.0109,0.0456,0.0401,0.0,0.0,0.0,0.0,-0.844,0
169.06,0.0109,0.0456,0.0401,0.0,0.0,0.0,0.0,-0.844,0
169.56,0.0109,0.0456,0.0401,0.0,0.0,0.0,0.0,-0.847,0
170.07,0.0109,0.0456,0.0401,0.0,0.0,0.0,0.0,-0.845,0
170.57,0.0109,0.0456,0.0401,0.0,0.0,0.0,0.0,-0.843,0
171.06,0.0109,0.0456,0.0401,0.0,0.0,0.0,0.0,-0.844,0
171.57,0.0109,0.0456,0.0401,0.0,0.0,0.0,0.0,-0.843,0
172.07,0.0109,0.0456,0.0401,0.0,0.0,0.0,0.0,-0.843,0
172.57,0.0109,0.0456,0.0401,0.0,0.0,0.0,0.0,-0.842,0
173.07,0.0109,0.0456,0.0401,0.0,0.0,0.0,0.0,-0.844,0
173.56,0.0109,0.0456,0.0401,0.0,0.0,0.0,0.0,-0.843,0
174.07,0.0109,0.0456,0.0401,0.0,0.0,0.0,0.0,-0.84,0
174.57,0.0109,0.0456,0.0401,0.0,0.0,0.0,0.0,-0.838,0
175.06,0.0109,0.0456,0.0401,0.0,0.0,0.0,0.0,-0.841,0
175.57,0.0109,0.0456,0.0401,0.0,0.0,0.0,0.0,-0.84,0
176.06,0.0109,0.0456,0.0401,0.0,0.0,0.0,0.0,-0.839,0
176.57,0.0109,0.0456,0.0401,0.0,0.0,0.0,0.0,-0.831,0
177.07,0.0109,0.0456,0.0401,0.0,0.0,0.0,0.0,-0.837,0
177.57,0.0109,0.0456,0.0401,0.0,0.0,0.0,0.0,-0.839,0
178.07,0.0109,0.0456,0.0401,0.0,0.0,0.0,0.0,-0.838,0
178.56,0.0109,0.0456,0.0401,0.0,0.0,0.0,0.0,-0.836,0
179.07,0.0109,0.0456,0.0401,0.0,0.0,0.0,0.0,-0.834,0
179.56,0.0109,0.0456,0.0401,0.0,0.0,0.0,0.0,-0.836,0
180.06,0.0109,0.0456,0.0401,0.0,0.0,0.0,0.0,-0.837,0
180.57,0.0109,0.0456,0.0401,0.0,0.0,0.0,0.0,-0.834,0
181.07,0.0109,0.0456,0.0401,0.0,0.0,0.0,0.0,-0.833,0
181.57,0.0109,0.0456,0.0401,0.0,0.0,0.0,0.0,-0.835,0
182.07,0.0109,0.0456,0.0401,0.0,0.0,0.0,0.0,-0.836,0
182.57,0.0109,0.0456,0.0401,0.0,0.0,0.0,0.0,-0.835,0
183.07,0.0109,0.0456,0.0401,0.0,0.0,0.0,0.0,-0.833,0
183.57,0.0109,0.0456,0.0401,0.0,0.0,0.0,0.0,-0.833,0
184.06,0.0109,0.0456,0.0401,0.0,0.0,0.0,0.0,-0.834,0
184.57,0.0109,0.0456,0.0401,0.0,0.0,0.0,0.0,-0.833,0
185.07,0.0109,0.0456,0.0401,0.0,0.0,0.0,0.0,-0.831,0
185.56,0.0109,0.0456,0.0401,0.0,0.0,0.0,0.0,-0.83,0
186.07,0.0109,0.0456,0.0401,0.0,0.0,0.0,0.0,-0.83,0
186.57,0.0109,0.0456,0.0401,0.0,0.0,0.0,0.0,-0.831,0
187.07,0.0109,0.0456,0.0401,0.0,0.0,0.0,0.0,-0.829,0
187.56,0.0109,0.0456,0.0401,0.0,0.0,0.0,0.0,-0.828,0
188.07,0.0109,0.0456,0.0401,0.0,0.0,0.0,0.0,-0.827,0
188.56,0.0109,0.0456,0.0401,0.0,0.0,0.0,0.0,-0.829,0
189.07,0.0109,0.0456,0.0401,0.0,0.0,0.0,0.0,-0.827,0
189.57,0.0109,0.0456,0.0401,0.0,0.0,0.0,0.0,-0.826,0
190.06,0.0109,0.0456,0.0401,0.0,0.0,0.0,0.0,-0.825,0
190.57,0.0109,0.0456,0.0401,0.0,0.0,0.0,0.0,-0.825,0
191.06,0.0109,0.0456,0.0401,0.0,0.0,0.0,0.0,-0.826,0
191.57,0.0109,0.0456,0.0401,0.0,0.0,0.0,0.0,-0.823,0
192.07,0.0109,0.0456,0.0401,0.0,0.0,0.0,0.0,-0.823,0
192.56,0.0109,0.0456,0.0401,0.0,0.0,0.0,0.0,-0.824,0
193.06,0.0109,0.0456,0.0401,0.0,0.0,0.0,0.0,-0.825,0
193.57,0.0109,0.0456,0.0401,0.0,0.0,0.0,0.0,-0.823,0
194.07,0.0109,0.0456,0.0401,0.0,0.0,0.0,0.0,-0.82,0
194.57,0.0109,0.0456,0.0401,0.0,0.0,0.0,0.0,-0.824,0
195.06,0.0109,0.0456,0.0401,0.0,0.0,0.0,0.0,-0.824,0
195.56,0.0109,0.0456,0.0401,0.0,0.0,0.0,0.0,-0.821,0
196.06,0.0109,0.0456,0.0401,0.0,0.0,0.0,0.0,-0.822,0
196.57,0.0109,0.0456,0.0401,0.0,0.0,0.0,0.0,-0.822,0
197.07,0.0109,0.0456,0.0401,0.0,0.0,0.0,0.0,-0.822,0
197.56,0.0109,0.0456,0.0401,0.0,0.0,0.0,0.0,-0.821,0
198.07,0.0109,0.0456,0.0401,0.0,0.0,0.0,0.0,-0.818,0
198.57,0.0109,0.0456,0.0401,0.0,0.0,0.0,0.0,-0.818,0
199.07,0.0109,0.0456,0.0401,0.0,0.0,0.0,0.0,-0.819,0
199.57,0.0109,0.0456,0.0401,0.0,0.0,0.0,0.0,-0.819,0
200.07,0.0109,0.0456,0.0401,0.0,0.0,0.0,0.0,-0.816,0
200.56,0.0109,0.0456,0.0401,0.0,0.0,0.0,0.0,-0.817,0
201.06,0.0109,0.0456,0.0401,0.0,0.0,0.0,-1.0,-0.818,1
201.56,0.0383,-0.0354,-0.0803,0.0855,0.1204,0.0,-1.0,-0.821,1
202.06,0.0212,-0.0305,-0.0593,0.0177,0.0209,0.0,-1.0,-0.822,1
202.57,0.0224,-0.0413,-0.0628,0.0109,0.0035,0.0,-1.0,-0.818,1
203.07,0.0001,-0.0197,-0.0558,0.0311,0.007,0.0,-1.0,-0.816,1
203.57,0.0128,-0.0251,-0.0349,0.0138,0.0209,0.0,-1.0,-0.816,1
204.07,-0.0057,-0.0048,-0.0681,0.0274,0.0332,0.0,-1.0,-0.815,1
204.56,0.006,0.0045,-0.0803,0.0149,0.0122,0.0,-1.0,-0.817,1
205.07,0.0248,0.0207,-0.0925,0.0248,0.0122,0.0,-1.0,-0.716,1
205.57,0.0209,0.0273,-0.0768,0.0077,0.0157,0.0,-1.0,-0.814,1
206.07,0.0331,0.018,-0.0855,0.0153,0.0087,0.0,-1.0,-0.813,1
206.57,0.0519,0.0067,-0.0925,0.022,0.007,0.0,-1.0,-0.712,1
207.07,0.0566,-0.0044,-0.0855,0.0121,0.007,0.0,-1.0,-0.812,1
207.57,0.038,-0.0181,-0.089,0.023,0.0035,0.0,0.4,-0.811,1
208.07,0.0321,-0.0239,-0.0715,0.0083,0.0175,0.0,1.0,-0.81,1
208.57,0.0321,-0.0239,-0.0715,0.0,0.0,0.0,1.0,-0.804,1
209.07,-0.0795,0.0222,0.1117,0.1208,0.1832,0.0,1.0,-0.811,1
209.57,-0.074,0.016,0.0977,0.0083,0.014,0.0,1.0,-0.711,1
210.06,-0.056,0.01,0.0925,0.0189,0.0052,0.0,1.0,-0.811,1
210.56,-0.0439,0.0209,0.096,0.0163,0.0035,0.0,1.0,-0.809,1
211.07,-0.0493,0.02,0.1082,0.0055,0.0122,0.0,1.0,-0.702,1
211.57,-0.0405,0.0287,0.1169,0.0124,0.0087,0.0,1.0,-0.81,1
212.07,-0.0458,0.0257,0.1082,0.006,0.0087,0.0,1.0,-0.809,1
212.57,-0.0276,0.0492,0.1256,0.0297,0.0174,0.0,1.0,-0.806,1
213.07,-0.0341,0.04,0.1204,0.0113,0.0052,0.0,1.0,-0.806,1
213.57,-0.039,0.0368,0.1256,0.0058,0.0052,0.0,1.0,-0.707,1
214.07,-0.0886,0.0726,0.1134,0.0611,0.0122,0.0,1.0,-0.808,1
214.57,-0.0999,0.0831,0.1169,0.0155,0.0035,0.0,1.0,-0.806,1
215.07,-0.0909,0.1001,0.1344,0.0192,0.0175,0.075,0.0,-0.704,1
215.57,-0.0381,0.0193,0.014,0.0966,0.1204,0.3,0.0,-0.804,1
216.07,-0.0381,0.0193,0.014,0.0,0.0,0.3,-0.3,-0.803,1
216.57,-0.019,-0.0368,-0.0035,0.0592,0.0175,0.3,-0.3,-0.805,1
217.06,0.0032,-0.0487,-0.007,0.0253,0.0035,0.3,-0.3,-0.804,1
217.56,-0.0219,0.0039,0.0384,0.0583,0.0454,0.3,-0.3,-0.802,1
218.07,-0.0219,0.0039,0.0384,0.0,0.0,0.3,0.0,-0.801,1
218.57,-0.0065,-0.0484,0.014,0.0545,0.0244,0.3,0.3,-0.803,1
219.06,-0.0542,0.0143,0.075,0.0787,0.0611,0.3,-0.3,-0.799,1
219.57,-0.0542,0.0143,0.075,0.0,0.0,0.3,-0.3,-0.799,1
220.06,0.045,-0.1037,-0.0157,0.1542,0.0907,0.3,-0.3,-0.801,1
220.56,0.0164,-0.0866,0.0099,0.0334,0.0256,0.3,0.0,-0.799,1
221.06,0.0164,-0.0866,0.0099,0.0,0.0,0.3,-0.3,-0.797,1
221.57,0.0333,-0.1089,-0.0006,0.028,0.0105,0.3,-0.3,-0.798,1
222.07,0.0223,-0.0946,0.0064,0.0181,0.007,0.3,-0.3,-0.799,1
222.57,0.0216,-0.0941,0.0064,0.0009,0.0,0.3,-0.3,-0.797,1
223.07,0.0216,-0.0941,0.0064,0.0,0.0,0.264,0.0,-0.792,1
223.56,0.0316,-0.136,-0.0064,0.0431,0.0128,0.0,-1.0,-0.794,1
224.06,0.0316,-0.136,-0.0064,0.0,0.0,0.0,-1.0,-0.797,1
224.57,0.0786,-0.3753,-0.0814,0.2439,0.075,0.0,-1.0,-0.797,1
225.06,0.0814,-0.3688,-0.0884,0.0071,0.007,0.0,-1.0,-0.697,1
225.57,0.0789,-0.3432,-0.071,0.0257,0.0174,0.0,-1.0,-0.795,1
226.06,0.0982,-0.3117,-0.0733,0.0369,0.0023,0.0,-1.0,-0.796,1
226.57,0.0979,-0.3398,-0.0791,0.028,0.0058,0.0,-1.0,-0.697,1
227.07,0.1175,-0.346,-0.0791,0.0206,0.0,0.187,0.0,-0.795,1
227.57,0.1049,-0.3283,-0.0739,0.0217,0.0052,0.3,0.3,-0.791,1
228.07,0.1049,-0.3283,-0.0739,0.0,0.0,0.3,0.3,-0.79,1
228.57,0.0756,-0.0757,0.043,0.2544,0.1169,0.3,0.3,-0.791,1
229.07,0.0756,-0.0757,0.043,0.0,0.0,0.3,0.3,-0.693,1
229.56,0.0717,-0.1187,0.0302,0.0432,0.0128,0.3,0.3,-0.791,1
230.06,0.0882,-0.1075,0.0285,0.0199,0.0017,0.3,0.3,-0.79,1
230.56,0.0609,-0.1278,0.0268,0.034,0.0017,0.3,0.3,-0.79,1
231.06,0.0609,-0.1278,0.0268,0.0,0.0,0.3,0.3,-0.791,1
231.56,0.0697,-0.0896,0.0285,0.0392,0.0017,0.3,0.3,-0.791,1
232.07,0.0561,-0.0851,0.032,0.0144,0.0035,0.3,0.3,-0.789,1
232.57,0.0477,-0.0668,0.039,0.0201,0.007,0.3,0.3,-0.789,1
233.06,0.0477,-0.0668,0.039,0.0,0.0,0.3,0.0,-0.79,1
233.57,0.0306,-0.07,0.0355,0.0174,0.0035,0.3,0.0,-0.789,1
234.06,0.0306,-0.07,0.0355,0.0,0.0,0.3,0.0,-0.588,1
234.57,0.055,-0.0853,-0.0012,0.0289,0.0366,0.3,0.0,-0.785,1
235.06,0.0328,-0.0742,0.0163,0.0249,0.0175,0.3,0.0,-0.785,1
235.57,0.026,-0.0608,0.0163,0.015,0.0,0.3,0.0,-0.787,1
236.07,0.026,-0.0608,0.0163,0.0,0.0,0.0,0.0,-0.686,0
236.57,0.0195,-0.0684,0.014,0.0099,0.0023,0.0,1.0,-0.782,1
237.07,0.0195,-0.0684,0.014,0.0,0.0,0.0,1.0,-0.68,1
237.57,-0.0256,-0.0383,0.1477,0.0542,0.1338,0.0,1.0,-0.782,1
238.06,-0.0126,-0.0482,0.1477,0.0164,0.0,0.0,1.0,-0.582,1
238.56,-0.0307,-0.0491,0.1256,0.0181,0.0221,0.0,1.0,-0.681,1
239.07,-0.1002,-0.0196,0.1094,0.0755,0.0163,-0.25,0.3,-0.778,1
239.57,-0.0895,-0.0558,0.1006,0.0377,0.0087,-0.25,0.0,-0.778,1
240.07,-0.011,-0.0464,0.0366,0.0791,0.064,0.0,0.0,-0.78,0
240.56,-0.011,-0.0464,0.0366,0.0,0.0,0.3,0.3,-0.878,1
241.07,-0.011,-0.0464,0.0366,0.0,0.0,0.3,0.3,-0.875,1
241.57,-0.011,-0.0464,0.0366,0.0,0.0,0.3,0.3,-0.776,1
242.07,-0.0943,-0.0564,0.0704,0.0839,0.0337,0.0,0.0,-0.877,0
242.57,-0.1139,-0.0245,0.1349,0.0375,0.0646,0.112,0.0,-0.876,1
243.07,-0.1139,-0.0245,0.1349,0.0,0.0,0.15,0.0,-0.874,1
243.57,-0.1139,-0.0245,0.1349,0.0,0.0,0.15,0.0,-0.872,1
244.07,-0.1139,-0.0245,0.1349,0.0,0.0,0.15,0.0,-0.872,1
244.57,-0.0761,-0.0647,0.0407,0.0551,0.0942,0.15,0.0,-0.874,1
245.07,-0.0761,-0.0647,0.0407,0.0,0.0,0.3,0.0,-0.873,1
245.56,-0.0761,-0.0847,0.0407,0.02,0.0,0.3,0.0,-0.872,1
246.06,-0.0761,-0.0847,0.0407,0.0,0.0,0.3,0.0,-0.87,1
246.57,-0.0533,-0.0877,0.0372,0.023,0.0035,0.3,0.0,-0.77,1
247.07,-0.0369,-0.0874,0.0425,0.0165,0.0052,0.344,0.0,-0.87,1
247.57,-0.0369,-0.0874,0.0425,0.0,0.0,0.55,0.0,-0.767,1
248.07,-0.0345,-0.1052,0.0442,0.018,0.0017,0.55,0.0,-0.769,1
248.57,-0.0277,-0.1269,0.039,0.0227,0.0052,0.55,0.0,-0.668,1
249.07,-0.0175,-0.1224,0.0436,0.0112,0.0047,0.514,0.0,-0.868,1
249.57,-0.0256,-0.1252,0.0471,0.0086,0.0035,-0.186,0.0,-0.87,1
250.06,0.0278,-0.1016,0.0401,0.0583,0.007,-0.25,0.0,-0.87,1
250.56,0.0278,-0.1016,0.0401,0.0,0.0,-0.026,1.0,-0.868,1
251.07,0.0278,-0.1016,0.0401,0.0,0.0,0.0,1.0,-0.664,1
251.57,-0.2364,0.1569,0.1751,0.3696,0.1349,0.0,1.0,-0.864,1
252.07,-0.2078,0.141,0.1658,0.0328,0.0093,0.0,1.0,-0.661,1
252.57,-0.1734,0.1181,0.1541,0.0413,0.0116,0.0,1.0,-0.765,1
253.07,-0.119,0.0592,0.1379,0.0802,0.0163,0.0,1.0,-0.861,1
253.57,-0.1265,0.0658,0.1367,0.01,0.0012,0.0,1.0,-0.663,1
254.07,-0.1124,0.0632,0.1434,0.0144,0.0067,0.074,0.0,-0.762,1
254.57,-0.0983,0.0564,0.1376,0.0156,0.0058,0.449,0.0,-0.864,1
255.07,-0.0983,0.0564,0.1376,0.0,0.0,0.437,0.0,-0.762,1
255.57,0.129,-0.0157,0.0355,0.2385,0.1021,0.223,0.0,-0.658,1
256.06,0.0867,-0.0095,0.05,0.0428,0.0145,0.55,0.0,-0.855,1
256.57,0.0719,0.0067,0.0587,0.0218,0.0087,0.445,0.0,-0.845,1
257.07,0.0591,-0.0288,0.0273,0.0377,0.0314,0.0,0.0,-0.855,0
257.56,0.0591,-0.0288,0.0273,0.0,0.0,0.374,0.0,-0.855,1
258.07,0.0153,0.0185,0.0797,0.0645,0.0524,0.55,0.0,-0.853,1
258.57,0.0153,0.0185,0.0797,0.0,0.0,0.55,0.0,-0.652,1
259.06,0.043,0.0319,0.0401,0.0309,0.0396,0.0,0.0,-0.553,0
259.56,-0.009,0.022,0.0396,0.053,0.0006,0.3,0.0,-0.851,1
260.07,-0.009,0.022,0.0396,0.0,0.0,0.55,0.0,-0.846,1
260.57,-0.0009,0.0363,0.0579,0.0164,0.0183,0.175,1.0,-0.751,1
261.07,-0.0055,0.0494,0.0561,0.014,0.0017,0.0,1.0,-0.847,1
261.57,-0.0362,-0.0116,0.1879,0.0683,0.1317,0.0,1.0,-0.647,1
262.06,-0.0298,-0.0114,0.1835,0.0064,0.0044,0.0,1.0,-0.449,1
262.57,-0.0448,-0.0089,0.18,0.0152,0.0035,0.0,1.0,-0.552,1
263.07,-0.0647,-0.0075,0.1626,0.0199,0.0174,0.0,1.0,-0.343,1
263.57,-0.071,0.01,0.1504,0.0186,0.0122,0.0,1.0,-0.151,1
264.06,-0.1061,0.014,0.1573,0.0353,0.007,0.0,0.0,-0.349,0
264.57,-0.1061,0.014,0.1573,0.0,0.0,0.0,0.0,0.151,0
265.07,-0.1129,0.0055,0.1617,0.0109,0.0044,0.0,0.0,-0.853,0
265.57,-0.1129,0.0055,0.1617,0.0,0.0,0.0,0.0,-0.853,0
266.07,-0.1129,0.0055,0.1617,0.0,0.0,0.0,0.0,-0.852,0
266.57,-0.1129,0.0055,0.1617,0.0,0.0,0.0,0.0,-0.851,0
267.06,-0.1129,0.0055,0.1617,0.0,0.0,0.0,0.0,-0.849,0
267.57,-0.1129,0.0055,0.1617,0.0,0.0,0.0,0.0,-0.848,0
268.07,-0.1129,0.0055,0.1617,0.0,0.0,0.0,0.0,-0.85,0
268.57,-0.1129,0.0055,0.1617,0.0,0.0,0.0,0.0,-0.849,0
269.06,-0.1129,0.0055,0.1617,0.0,0.0,0.0,0.0,-0.848,0
269.57,-0.1129,0.0055,0.1617,0.0,0.0,0.0,0.0,-0.846,0
270.07,-0.1129,0.0055,0.1617,0.0,0.0,0.0,0.0,-0.847,0
270.56,-0.1129,0.0055,0.1617,0.0,0.0,0.0,0.0,-0.849,0
271.07,-0.1129,0.0055,0.1617,0.0,0.0,0.0,0.0,-0.848,0
271.56,-0.1129,0.0055,0.1617,0.0,0.0,0.0,0.0,-0.847,0
272.06,-0.1129,0.0055,0.1617,0.0,0.0,0.0,0.0,-0.845,0
272.56,-0.1129,0.0055,0.1617,0.0,0.0,0.0,0.0,-0.845,0
273.07,-0.1129,0.0055,0.1617,0.0,0.0,0.0,0.0,-0.847,0
273.57,-0.1129,0.0055,0.1617,0.0,0.0,0.0,0.0,-0.845,0
274.07,-0.1129,0.0055,0.1617,0.0,0.0,0.0,0.0,-0.843,0
274.57,-0.1129,0.0055,0.1617,0.0,0.0,0.0,0.0,-0.843,0
275.07,-0.1129,0.0055,0.1617,0.0,0.0,0.0,0.0,-0.843,0
275.57,-0.1129,0.0055,0.1617,0.0,0.0,0.0,0.0,-0.842,0
276.07,-0.1129,0.0055,0.1617,0.0,0.0,0.0,0.0,-0.84,0
276.57,-0.1129,0.0055,0.1617,0.0,0.0,0.0,0.0,-0.84,0
277.07,-0.1129,0.0055,0.1617,0.0,0.0,0.0,0.0,-0.842,0
277.57,-0.1129,0.0055,0.1617,0.0,0.0,0.0,0.0,-0.841,0
278.07,-0.1129,0.0055,0.1617,0.0,0.0,0.0,0.0,-0.839,0
278.57,-0.1129,0.0055,0.1617,0.0,0.0,0.0,0.0,-0.839,0
279.08,-0.1129,0.0055,0.1617,0.0,0.0,0.0,0.0,-0.828,0
279.57,-0.1129,0.0055,0.1617,0.0,0.0,0.0,0.0,-0.839,0
280.07,-0.1129,0.0055,0.1617,0.0,0.0,0.0,0.0,-0.84,0
280.57,-0.1129,0.0055,0.1617,0.0,0.0,0.0,0.0,-0.838,0
281.07,-0.1129,0.0055,0.1617,0.0,0.0,0.0,0.0,-0.837,0
281.57,-0.1129,0.0055,0.1617,0.0,0.0,0.0,0.0,-0.837,0
282.07,-0.1129,0.0055,0.1617,0.0,0.0,0.0,0.0,-0.839,0
282.56,-0.1129,0.0055,0.1617,0.0,0.0,0.0,0.0,-0.839,0
283.07,-0.1129,0.0055,0.1617,0.0,0.0,0.0,0.0,-0.837,0
283.56,-0.1129,0.0055,0.1617,0.0,0.0,0.0,0.0,-0.837,0
284.07,-0.1129,0.0055,0.1617,0.0,0.0,0.0,0.0,-0.837,0
284.57,-0.1129,0.0055,0.1617,0.0,0.0,0.0,0.0,-0.836,0
285.07,-0.1129,0.0055,0.1617,0.0,0.0,0.0,0.0,-0.834,0
285.57,-0.1129,0.0055,0.1617,0.0,0.0,0.0,0.0,-0.833,0
286.07,-0.1129,0.0055,0.1617,0.0,0.0,0.0,0.0,-0.834,0
286.57,-0.1129,0.0055,0.1617,0.0,0.0,0.0,0.0,-0.834,0
287.07,-0.1129,0.0055,0.1617,0.0,0.0,0.0,0.0,-0.832,0
287.56,-0.1129,0.0055,0.1617,0.0,0.0,0.0,0.0,-0.832,0
288.07,-0.1129,0.0055,0.1617,0.0,0.0,0.0,0.0,-0.833,0
288.57,-0.1129,0.0055,0.1617,0.0,0.0,0.0,0.0,-0.831,0
289.07,-0.1129,0.0055,0.1617,0.0,0.0,0.0,0.0,-0.823,0
289.57,-0.1129,0.0055,0.1617,0.0,0.0,0.0,0.0,-0.831,0
290.07,-0.1129,0.0055,0.1617,0.0,0.0,0.0,0.0,-0.83,0
290.57,-0.1129,0.0055,0.1617,0.0,0.0,0.0,0.0,-0.829,0
291.07,-0.1129,0.0055,0.1617,0.0,0.0,0.0,0.0,-0.829,0
291.57,-0.1129,0.0055,0.1617,0.0,0.0,0.0,0.0,-0.831,0
292.07,-0.1129,0.0055,0.1617,0.0,0.0,0.0,0.0,-0.83,0
292.57,-0.1129,0.0055,0.1617,0.0,0.0,0.0,0.0,-0.829,0
293.07,-0.1129,0.0055,0.1617,0.0,0.0,0.0,0.0,-0.828,0
293.57,-0.1129,0.0055,0.1617,0.0,0.0,0.0,0.0,-0.827,0
294.07,-0.1129,0.0055,0.1617,0.0,0.0,0.0,0.0,-0.827,0
294.57,-0.1129,0.0055,0.1617,0.0,0.0,0.0,0.0,-0.826,0
295.07,-0.1129,0.0055,0.1617,0.0,0.0,0.0,0.0,-0.825,0
295.56,-0.1129,0.0055,0.1617,0.0,0.0,0.0,0.0,-0.824,0
296.07,-0.1129,0.0055,0.1617,0.0,0.0,0.0,0.0,-0.824,0
296.57,-0.1129,0.0055,0.1617,0.0,0.0,0.0,0.0,-0.825,0
297.07,-0.1129,0.0055,0.1617,0.0,0.0,0.0,0.0,-0.825,0
297.57,-0.1129,0.0055,0.1617,0.0,0.0,0.0,0.0,-0.825,0
298.07,-0.1129,0.0055,0.1617,0.0,0.0,0.0,0.0,-0.824,0
298.57,-0.1129,0.0055,0.1617,0.0,0.0,0.0,0.0,-0.825,0
299.06,-0.1129,0.0055,0.1617,0.0,0.0,0.0,0.0,-0.823,0
299.57,-0.1129,0.0055,0.1617,0.0,0.0,0.0,0.0,-0.821,0
300.06,-0.1129,0.0055,0.1617,0.0,0.0,0.0,0.0,-0.822,0
300.56,-0.1129,0.0055,0.1617,0.0,0.0,0.0,0.0,-0.823,0
301.07,-0.1129,0.0055,0.1617,0.0,0.0,0.0,0.0,-0.821,0
301.56,-0.1129,0.0055,0.1617,0.0,0.0,0.0,0.0,-0.819,0
302.06,-0.1129,0.0055,0.1617,0.0,0.0,0.0,0.0,-0.819,0
302.56,-0.1129,0.0055,0.1617,0.0,0.0,0.0,0.0,-0.821,0
303.07,-0.1129,0.0055,0.1617,0.0,0.0,0.0,0.0,-0.819,0
303.57,-0.1129,0.0055,0.1617,0.0,0.0,0.0,0.0,-0.817,0
304.07,-0.1129,0.0055,0.1617,0.0,0.0,0.0,0.0,-0.814,0
304.57,-0.1129,0.0055,0.1617,0.0,0.0,0.0,0.0,-0.815,0
305.07,-0.1129,0.0055,0.1617,0.0,0.0,0.0,0.0,-0.817,0
305.56,-0.1129,0.0055,0.1617,0.0,0.0,0.0,0.0,-0.816,0
306.06,-0.1129,0.0055,0.1617,0.0,0.0,0.0,0.0,-0.814,0
306.57,-0.1129,0.0055,0.1617,0.0,0.0,0.0,0.0,-0.811,0
307.06,-0.1129,0.0055,0.1617,0.0,0.0,0.0,0.0,-0.813,0
307.57,-0.1129,0.0055,0.1617,0.0,0.0,0.0,0.0,-0.814,0
308.06,-0.1129,0.0055,0.1617,0.0,0.0,0.0,0.0,-0.813,0
308.57,-0.1129,0.0055,0.1617,0.0,0.0,0.0,0.0,-0.81,0
309.07,-0.1129,0.0055,0.1617,0.0,0.0,0.0,0.0,-0.808,0
309.57,-0.1129,0.0055,0.1617,0.0,0.0,0.0,0.0,-0.808,0
310.07,-0.1129,0.0055,0.1617,0.0,0.0,0.0,0.0,-0.81,0
310.57,-0.1129,0.0055,0.1617,0.0,0.0,0.0,0.0,-0.809,0
311.07,-0.1129,0.0055,0.1617,0.0,0.0,0.0,0.0,-0.807,0
311.57,-0.1129,0.0055,0.1617,0.0,0.0,0.0,0.0,-0.805,0
312.06,-0.1129,0.0055,0.1617,0.0,0.0,0.0,0.0,-0.806,0
312.57,-0.1129,0.0055,0.1617,0.0,0.0,0.0,0.0,-0.807,0
313.07,-0.1129,0.0055,0.1617,0.0,0.0,0.0,0.0,-0.806,0
313.56,-0.1129,0.0055,0.1617,0.0,0.0,0.0,0.0,-0.803,0
314.07,-0.1129,0.0055,0.1617,0.0,0.0,0.0,0.0,-0.803,0
314.57,-0.1129,0.0055,0.1617,0.0,0.0,0.0,0.0,-0.804,0
315.07,-0.1129,0.0055,0.1617,0.0,0.0,0.0,0.0,-0.803,0
315.56,-0.1129,0.0055,0.1617,0.0,0.0,0.0,0.0,-0.801,0
316.07,-0.1129,0.0055,0.1617,0.0,0.0,0.0,0.0,-0.8,0
316.56,-0.1129,0.0055,0.1617,0.0,0.0,0.0,0.0,-0.801,0
317.07,-0.1129,0.0055,0.1617,0.0,0.0,0.0,0.0,-0.801,0
317.57,-0.1129,0.0055,0.1617,0.0,0.0,0.0,0.0,-0.8,0
318.07,-0.1129,0.0055,0.1617,0.0,0.0,0.0,0.0,-0.798,0
318.56,-0.1129,0.0055,0.1617,0.0,0.0,0.0,0.0,-0.799,0
319.07,-0.1129,0.0055,0.1617,0.0,0.0,0.0,0.0,-0.8,0
319.57,-0.1129,0.0055,0.1617,0.0,0.0,0.0,0.0,-0.798,0
320.07,-0.1129,0.0055,0.1617,0.0,0.0,0.0,0.0,-0.796,0
320.56,-0.1129,0.0055,0.1617,0.0,0.0,0.0,0.0,-0.797,0
321.07,-0.1129,0.0055,0.1617,0.0,0.0,0.0,0.0,-0.797,0
321.56,-0.1129,0.0055,0.1617,0.0,0.0,0.0,0.0,-0.796,0
322.07,-0.1129,0.0055,0.1617,0.0,0.0,0.0,0.0,-0.795,0
322.57,-0.1129,0.0055,0.1617,0.0,0.0,0.0,0.0,-0.797,0
323.07,-0.1129,0.0055,0.1617,0.0,0.0,0.0,0.0,-0.794,0
323.57,-0.1129,0.0055,0.1617,0.0,0.0,0.0,0.0,-0.796,0
324.06,-0.1129,0.0055,0.1617,0.0,0.0,0.0,0.0,-0.796,0
324.57,-0.1129,0.0055,0.1617,0.0,0.0,0.0,0.0,-0.796,0
325.06,-0.1129,0.0055,0.1617,0.0,0.0,0.0,0.0,-0.794,0
325.57,-0.1129,0.0055,0.1617,0.0,0.0,0.0,0.0,-0.793,0
326.07,-0.1129,0.0055,0.1617,0.0,0.0,0.0,0.0,-0.793,0
326.56,-0.1129,0.0055,0.1617,0.0,0.0,0.0,0.0,-0.793,0
327.07,-0.1129,0.0055,0.1617,0.0,0.0,0.0,0.0,-0.791,0
327.57,-0.1129,0.0055,0.1617,0.0,0.0,0.0,0.0,-0.789,0
328.07,-0.1129,0.0055,0.1617,0.0,0.0,0.0,0.0,-0.791,0
328.57,-0.1129,0.0055,0.1617,0.0,0.0,0.0,0.0,-0.791,0
329.07,-0.1129,0.0055,0.1617,0.0,0.0,0.0,0.0,-0.788,0
329.57,-0.1129,0.0055,0.1617,0.0,0.0,0.0,0.0,-0.789,0
330.07,-0.1129,0.0055,0.1617,0.0,0.0,0.0,0.0,-0.79,0
330.56,-0.1129,0.0055,0.1617,0.0,0.0,0.0,0.0,-0.788,0
331.07,-0.1129,0.0055,0.1617,0.0,0.0,0.0,0.0,-0.78,0
331.57,-0.1129,0.0055,0.1617,0.0,0.0,0.0,0.0,-0.787,0
332.07,-0.1129,0.0055,0.1617,0.0,0.0,0.0,0.0,-0.787,0
332.57,-0.1129,0.0055,0.1617,0.0,0.0,0.0,0.0,-0.787,0
333.07,-0.1129,0.0055,0.1617,0.0,0.0,0.0,0.0,-0.786,0
333.57,-0.1129,0.0055,0.1617,0.0,0.0,0.0,0.0,-0.785,0
334.07,-0.1129,0.0055,0.1617,0.0,0.0,0.0,0.0,-0.783,0
334.57,-0.1129,0.0055,0.1617,0.0,0.0,0.0,0.0,-0.786,0
335.07,-0.1129,0.0055,0.1617,0.0,0.0,0.0,0.0,-0.784,0
335.57,-0.1129,0.0055,0.1617,0.0,0.0,0.0,0.0,-0.782,0
336.07,-0.1129,0.0055,0.1617,0.0,0.0,0.0,0.0,-0.783,0
336.57,-0.1129,0.0055,0.1617,0.0,0.0,0.0,0.0,-0.781,0
337.07,-0.1129,0.0055,0.1617,0.0,0.0,0.0,0.0,-0.782,0
337.57,-0.1129,0.0055,0.1617,0.0,0.0,0.0,0.0,-0.78,0
338.07,-0.1129,0.0055,0.1617,0.0,0.0,0.0,0.0,-0.78,0
338.57,-0.1129,0.0055,0.1617,0.0,0.0,0.0,0.0,-0.781,0
339.07,-0.1129,0.0055,0.1617,0.0,0.0,0.0,0.0,-0.779,0
339.57,-0.1129,0.0055,0.1617,0.0,0.0,0.0,0.0,-0.777,0
340.07,-0.1129,0.0055,0.1617,0.0,0.0,0.0,0.0,-0.777,0
340.56,-0.1129,0.0055,0.1617,0.0,0.0,0.0,0.0,-0.778,0
341.06,-0.1129,0.0055,0.1617,0.0,0.0,0.0,0.0,-0.876,0
341.56,-0.1129,0.0055,0.1617,0.0,0.0,0.0,0.0,-0.875,0
342.07,-0.1129,0.0055,0.1617,0.0,0.0,0.0,0.0,-0.775,0
342.57,-0.1129,0.0055,0.1617,0.0,0.0,0.0,0.0,-0.875,0
343.07,-0.1129,0.0055,0.1617,0.0,0.0,0.0,0.0,-0.774,0
343.57,-0.1129,0.0055,0.1617,0.0,0.0,0.0,0.0,-0.874,0
344.07,-0.1129,0.0055,0.1617,0.0,0.0,0.0,0.0,-0.872,0
344.57,-0.1129,0.0055,0.1617,0.0,0.0,0.0,0.0,-0.772,0
345.07,-0.1129,0.0055,0.1617,0.0,0.0,0.0,0.0,-0.87,0
345.57,-0.1129,0.0055,0.1617,0.0,0.0,0.0,0.0,-0.871,0
346.07,-0.1129,0.0055,0.1617,0.0,0.0,0.0,0.0,-0.87,0
346.56,-0.1129,0.0055,0.1617,0.0,0.0,0.0,0.0,-0.87,0
347.07,-0.1129,0.0055,0.1617,0.0,0.0,0.0,0.0,-0.868,0
347.57,-0.1129,0.0055,0.1617,0.0,0.0,0.0,0.0,-0.867,0
348.07,-0.1129,0.0055,0.1617,0.0,0.0,0.0,0.0,-0.868,0
348.56,-0.1129,0.0055,0.1617,0.0,0.0,0.0,0.0,-0.867,0
349.07,-0.1129,0.0055,0.1617,0.0,0.0,0.0,0.0,-0.866,0
349.56,-0.1129,0.0055,0.1617,0.0,0.0,0.0,0.0,-0.867,0
350.06,-0.1129,0.0055,0.1617,0.0,0.0,0.0,0.0,-0.865,0
350.57,-0.1129,0.0055,0.1617,0.0,0.0,0.0,0.0,-0.863,0
351.06,-0.1129,0.0055,0.1617,0.0,0.0,0.0,0.0,-0.863,0
351.56,-0.1129,0.0055,0.1617,0.0,0.0,0.0,0.0,-0.865,0
352.07,-0.1129,0.0055,0.1617,0.0,0.0,0.0,0.0,-0.863,0
352.57,-0.1129,0.0055,0.1617,0.0,0.0,0.0,0.0,-0.862,0
353.06,-0.1129,0.0055,0.1617,0.0,0.0,0.0,0.0,-0.862,0
353.56,-0.1129,0.0055,0.1617,0.0,0.0,0.0,0.0,-0.862,0
354.07,-0.1129,0.0055,0.1617,0.0,0.0,0.0,0.0,-0.859,0
354.56,-0.1129,0.0055,0.1617,0.0,0.0,0.0,0.0,-0.858,0
355.07,-0.1129,0.0055,0.1617,0.0,0.0,0.0,0.0,-0.859,0
355.56,-0.1129,0.0055,0.1617,0.0,0.0,0.0,0.0,-0.859,0
356.07,-0.1129,0.0055,0.1617,0.0,0.0,0.0,0.0,-0.858,0
356.56,-0.1129,0.0055,0.1617,0.0,0.0,0.0,0.0,-0.856,0
357.07,-0.1129,0.0055,0.1617,0.0,0.0,0.0,0.0,-0.857,0
357.56,-0.1129,0.0055,0.1617,0.0,0.0,0.0,0.0,-0.858,0
358.07,-0.1129,0.0055,0.1617,0.0,0.0,0.0,0.0,-0.856,0
358.56,-0.1129,0.0055,0.1617,0.0,0.0,0.0,0.0,-0.855,0
359.07,-0.1129,0.0055,0.1617,0.0,0.0,0.0,0.0,-0.856,0
359.57,-0.1129,0.0055,0.1617,0.0,0.0,0.0,0.0,-0.855,0
360.07,-0.1129,0.0055,0.1617,0.0,0.0,0.0,0.0,-0.853,0
360.57,-0.1129,0.0055,0.1617,0.0,0.0,0.0,0.0,-0.852,0
361.07,-0.1129,0.0055,0.1617,0.0,0.0,0.0,0.0,-0.853,0
361.57,-0.1129,0.0055,0.1617,0.0,0.0,0.0,0.0,-0.852,0
362.07,-0.1129,0.0055,0.1617,0.0,0.0,0.0,0.0,-0.85,0
362.56,-0.1129,0.0055,0.1617,0.0,0.0,0.0,0.0,-0.849,0
363.07,-0.1129,0.0055,0.1617,0.0,0.0,0.0,0.0,-0.85,0
363.56,-0.1129,0.0055,0.1617,0.0,0.0,0.0,0.0,-0.851,0
364.07,-0.1129,0.0055,0.1617,0.0,0.0,0.0,0.0,-0.85,0
364.57,-0.1129,0.0055,0.1617,0.0,0.0,0.0,0.0,-0.848,0
365.06,-0.1129,0.0055,0.1617,0.0,0.0,0.0,0.0,-0.847,0
365.57,-0.1129,0.0055,0.1617,0.0,0.0,0.0,0.0,-0.847,0
366.07,-0.1129,0.0055,0.1617,0.0,0.0,0.0,0.0,-0.847,0
366.57,-0.1129,0.0055,0.1617,0.0,0.0,0.0,0.0,-0.835,0
367.07,-0.1129,0.0055,0.1617,0.0,0.0,0.0,0.0,-0.844,0
367.57,-0.1129,0.0055,0.1617,0.0,0.0,0.0,0.0,-0.844,0
368.07,-0.1129,0.0055,0.1617,0.0,0.0,0.0,0.0,-0.842,0
368.56,-0.1129,0.0055,0.1617,0.0,0.0,0.0,0.0,-0.841,0
369.07,-0.1129,0.0055,0.1617,0.0,0.0,0.0,0.0,-0.841,0
369.56,-0.1129,0.0055,0.1617,0.0,0.0,0.0,0.0,-0.842,0
370.06,-0.1129,0.0055,0.1617,0.0,0.0,0.0,0.0,-0.84,0
370.57,-0.1129,0.0055,0.1617,0.0,0.0,0.0,0.0,-0.837,0
371.07,-0.1129,0.0055,0.1617,0.0,0.0,0.0,0.0,-0.837,0
371.57,-0.1129,0.0055,0.1617,0.0,0.0,0.0,0.0,-0.838,0
372.07,-0.1129,0.0055,0.1617,0.0,0.0,0.0,0.0,-0.835,0
372.57,-0.1129,0.0055,0.1617,0.0,0.0,0.0,0.0,-0.833,0
373.07,-0.1129,0.0055,0.1617,0.0,0.0,0.0,0.0,-0.834,0
373.56,-0.1129,0.0055,0.1617,0.0,0.0,0.0,0.0,-0.834,0
374.07,-0.1129,0.0055,0.1617,0.0,0.0,0.0,0.0,-0.832,0
374.57,-0.1129,0.0055,0.1617,0.0,0.0,0.0,0.0,-0.832,0
375.07,-0.1129,0.0055,0.1617,0.0,0.0,0.0,0.0,-0.832,0
375.57,-0.1129,0.0055,0.1617,0.0,0.0,0.0,0.0,-0.832,0
376.07,-0.1129,0.0055,0.1617,0.0,0.0,0.0,0.0,-0.83,0
376.56,-0.1129,0.0055,0.1617,0.0,0.0,0.0,0.0,-0.829,0
377.07,-0.1129,0.0055,0.1617,0.0,0.0,0.0,0.0,-0.827,0
377.57,-0.1129,0.0055,0.1617,0.0,0.0,0.0,0.0,-0.829,0
378.06,-0.1129,0.0055,0.1617,0.0,0.0,0.0,0.0,-0.828,0
378.57,-0.1129,0.0055,0.1617,0.0,0.0,0.0,0.0,-0.827,0
379.07,-0.1129,0.0055,0.1617,0.0,0.0,0.0,0.0,-0.826,0
379.57,-0.1129,0.0055,0.1617,0.0,0.0,0.0,0.0,-0.826,0
380.07,-0.1129,0.0055,0.1617,0.0,0.0,0.0,0.0,-0.826,0
380.57,-0.1129,0.0055,0.1617,0.0,0.0,0.0,0.0,-0.821,0
381.07,-0.1129,0.0055,0.1617,0.0,0.0,0.0,0.0,-0.822,0
381.57,-0.1129,0.0055,0.1617,0.0,0.0,0.0,0.0,-0.823,0
382.07,-0.1129,0.0055,0.1617,0.0,0.0,0.0,0.0,-0.824,0
382.57,-0.1129,0.0055,0.1617,0.0,0.0,0.0,0.0,-0.822,0
383.07,-0.1129,0.0055,0.1617,0.0,0.0,0.0,0.0,-0.821,0
383.56,-0.1129,0.0055,0.1617,0.0,0.0,0.0,0.0,-0.82,0
384.07,-0.1129,0.0055,0.1617,0.0,0.0,0.0,0.0,-0.82,0
384.56,-0.1129,0.0055,0.1617,0.0,0.0,0.0,0.0,-0.822,0
385.07,-0.1129,0.0055,0.1617,0.0,0.0,0.0,0.0,-0.821,0
385.57,-0.1129,0.0055,0.1617,0.0,0.0,0.0,0.0,-0.818,0
386.07,-0.1129,0.0055,0.1617,0.0,0.0,0.0,0.0,-0.812,0
386.57,-0.1129,0.0055,0.1617,0.0,0.0,0.0,0.0,-0.817,0
387.07,-0.1129,0.0055,0.1617,0.0,0.0,0.0,0.0,-0.811,0
387.57,-0.1129,0.0055,0.1617,0.0,0.0,0.0,0.0,-0.815,0
388.07,-0.1129,0.0055,0.1617,0.0,0.0,0.0,0.0,-0.812,0
388.57,-0.1129,0.0055,0.1617,0.0,0.0,0.0,0.0,-0.814,0
389.07,-0.1129,0.0055,0.1617,0.0,0.0,0.0,0.0,-0.815,0
389.57,-0.1129,0.0055,0.1617,0.0,0.0,0.0,0.0,-0.814,0
390.07,-0.1129,0.0055,0.1617,0.0,0.0,0.0,0.0,-0.811,0
390.57,-0.1129,0.0055,0.1617,0.0,0.0,0.0,0.0,-0.811,0
391.06,-0.1129,0.0055,0.1617,0.0,0.0,0.0,0.0,-0.813,0
391.57,-0.1129,0.0055,0.1617,0.0,0.0,0.0,0.0,-0.812,0
392.07,-0.1129,0.0055,0.1617,0.0,0.0,0.0,0.0,-0.809,0
392.57,-0.1129,0.0055,0.1617,0.0,0.0,0.0,0.0,-0.81,0
393.07,-0.1129,0.0055,0.1617,0.0,0.0,0.0,0.0,-0.81,0
393.56,-0.1129,0.0055,0.1617,0.0,0.0,0.0,0.0,-0.811,0
394.07,-0.1129,0.0055,0.1617,0.0,0.0,0.0,0.0,-0.809,0
394.57,-0.1129,0.0055,0.1617,0.0,0.0,0.0,0.0,-0.806,0
395.07,-0.1129,0.0055,0.1617,0.0,0.0,0.0,0.0,-0.806,0
395.57,-0.1129,0.0055,0.1617,0.0,0.0,0.0,0.0,-0.806,0
396.07,-0.1129,0.0055,0.1617,0.0,0.0,0.0,0.0,-0.805,0
396.57,-0.1129,0.0055,0.1617,0.0,0.0,0.0,0.0,-0.797,0
397.07,-0.1129,0.0055,0.1617,0.0,0.0,0.0,0.0,-0.804,0
397.57,-0.1129,0.0055,0.1617,0.0,0.0,0.0,0.0,-0.804,0
398.07,-0.1129,0.0055,0.1617,0.0,0.0,0.0,0.0,-0.801,0
398.57,-0.1129,0.0055,0.1617,0.0,0.0,0.0,0.0,-0.799,0
399.07,-0.1129,0.0055,0.1617,0.0,0.0,0.0,0.0,-0.798,0
399.57,-0.1129,0.0055,0.1617,0.0,0.0,0.0,0.0,-0.799,0
400.07,-0.1129,0.0055,0.1617,0.0,0.0,0.0,0.0,-0.797,0
400.57,-0.1129,0.0055,0.1617,0.0,0.0,0.0,0.0,-0.794,0
401.07,-0.1129,0.0055,0.1617,0.0,0.0,0.0,0.0,-0.793,0
401.57,-0.1129,0.0055,0.1617,0.0,0.0,0.0,0.0,-0.795,0
402.07,-0.1129,0.0055,0.1617,0.0,0.0,0.0,0.0,-0.791,0
402.57,-0.1129,0.0055,0.1617,0.0,0.0,0.0,0.0,-0.792,0
403.07,-0.1129,0.0055,0.1617,0.0,0.0,0.0,0.0,-0.792,0
403.57,-0.1129,0.0055,0.1617,0.0,0.0,0.0,0.0,-0.793,0
404.06,-0.1129,0.0055,0.1617,0.0,0.0,0.0,0.0,-0.793,0
404.57,-0.1129,0.0055,0.1617,0.0,0.0,0.0,0.0,-0.791,0
405.07,-0.1129,0.0055,0.1617,0.0,0.0,0.0,0.0,-0.789,0
405.56,-0.1129,0.0055,0.1617,0.0,0.0,0.0,0.0,-0.79,0
406.07,-0.1129,0.0055,0.1617,0.0,0.0,0.0,0.0,-0.791,0
406.57,-0.1129,0.0055,0.1617,0.0,0.0,0.0,0.0,-0.789,0
407.07,-0.1129,0.0055,0.1617,0.0,0.0,0.0,0.0,-0.787,0
407.57,-0.1129,0.0055,0.1617,0.0,0.0,0.0,0.0,-0.787,0
408.06,-0.1129,0.0055,0.1617,0.0,0.0,0.0,0.0,-0.787,0
408.57,-0.1129,0.0055,0.1617,0.0,0.0,0.0,0.0,-0.787,0
409.07,-0.1129,0.0055,0.1617,0.0,0.0,0.0,0.0,-0.785,0
409.56,-0.1129,0.0055,0.1617,0.0,0.0,0.0,0.0,-0.783,0
410.07,-0.1129,0.0055,0.1617,0.0,0.0,0.0,0.0,-0.683,0
410.57,-0.1129,0.0055,0.1617,0.0,0.0,0.0,0.0,-0.783,0
411.06,-0.1129,0.0055,0.1617,0.0,0.0,0.0,0.0,-0.781,0
411.57,-0.1129,0.0055,0.1617,0.0,0.0,0.0,0.0,-0.78,0
412.07,-0.1129,0.0055,0.1617,0.0,0.0,0.0,0.0,-0.78,0
412.57,-0.1129,0.0055,0.1617,0.0,0.0,0.0,0.0,-0.781,0
413.07,-0.1129,0.0055,0.1617,0.0,0.0,0.0,0.0,-0.777,0
413.57,-0.1129,0.0055,0.1617,0.0,0.0,0.0,0.0,-0.778,0
414.07,-0.1129,0.0055,0.1617,0.0,0.0,0.0,0.0,-0.779,0
414.57,-0.1129,0.0055,0.1617,0.0,0.0,0.0,0.0,-0.876,0
415.07,-0.1129,0.0055,0.1617,0.0,0.0,0.0,0.0,-0.875,0
415.56,-0.1129,0.0055,0.1617,0.0,0.0,0.0,0.0,-0.876,0
416.07,-0.1129,0.0055,0.1617,0.0,0.0,0.0,0.0,-0.875,0
416.57,-0.1129,0.0055,0.1617,0.0,0.0,0.0,0.0,-0.873,0
417.07,-0.1129,0.0055,0.1617,0.0,0.0,0.0,0.0,-0.873,0
417.57,-0.1129,0.0055,0.1617,0.0,0.0,0.0,0.0,-0.873,0
418.07,-0.1129,0.0055,0.1617,0.0,0.0,0.0,0.0,-0.873,0
418.57,-0.1129,0.0055,0.1617,0.0,0.0,0.0,0.0,-0.871,0
419.07,-0.1129,0.0055,0.1617,0.0,0.0,0.0,0.0,-0.871,0
419.57,-0.1129,0.0055,0.1617,0.0,0.0,0.0,0.0,-0.871,0
420.07,-0.1129,0.0055,0.1617,0.0,0.0,0.0,0.0,-0.77,0
420.57,-0.1129,0.0055,0.1617,0.0,0.0,0.0,0.0,-0.868,0
421.06,-0.1129,0.0055,0.1617,0.0,0.0,0.0,0.0,-0.867,0
421.57,-0.1129,0.0055,0.1617,0.0,0.0,0.0,0.0,-0.867,0
422.07,-0.1129,0.0055,0.1617,0.0,0.0,0.0,0.0,-0.867,0
422.57,-0.1129,0.0055,0.1617,0.0,0.0,0.0,0.0,-0.865,0
423.07,-0.1129,0.0055,0.1617,0.0,0.0,0.0,0.0,-0.862,0
423.56,-0.1129,0.0055,0.1617,0.0,0.0,0.0,0.0,-0.866,0
424.07,-0.1129,0.0055,0.1617,0.0,0.0,0.0,0.0,-0.865,0
424.57,-0.1129,0.0055,0.1617,0.0,0.0,0.0,0.0,-0.864,0
425.07,-0.1129,0.0055,0.1617,0.0,0.0,0.0,0.0,-0.864,0
425.57,-0.1129,0.0055,0.1617,0.0,0.0,0.0,0.0,-0.864,0
426.07,-0.1129,0.0055,0.1617,0.0,0.0,0.0,0.0,-0.865,0
426.57,-0.1129,0.0055,0.1617,0.0,0.0,0.0,0.0,-0.859,0
427.06,-0.1129,0.0055,0.1617,0.0,0.0,0.0,0.0,-0.861,0
427.57,-0.1129,0.0055,0.1617,0.0,0.0,0.0,0.0,-0.861,0
428.07,-0.1129,0.0055,0.1617,0.0,0.0,0.0,0.0,-0.862,0
428.57,-0.1129,0.0055,0.1617,0.0,0.0,0.0,0.0,-0.861,0
429.06,-0.1129,0.0055,0.1617,0.0,0.0,0.0,0.0,-0.859,0
429.56,-0.1129,0.0055,0.1617,0.0,0.0,0.0,0.0,-0.858,0
430.07,-0.1129,0.0055,0.1617,0.0,0.0,0.0,0.0,-0.858,0
430.57,-0.1129,0.0055,0.1617,0.0,0.0,0.0,0.0,-0.858,0
431.07,-0.1129,0.0055,0.1617,0.0,0.0,0.0,0.0,-0.856,0
431.57,-0.1129,0.0055,0.1617,0.0,0.0,0.0,0.0,-0.855,0
432.07,-0.1129,0.0055,0.1617,0.0,0.0,0.0,0.0,-0.855,0
432.56,-0.1129,0.0055,0.1617,0.0,0.0,0.0,0.0,-0.856,0
433.07,-0.1129,0.0055,0.1617,0.0,0.0,0.0,0.0,-0.853,0
433.56,-0.1129,0.0055,0.1617,0.0,0.0,0.0,0.0,-0.851,0
434.07,-0.1129,0.0055,0.1617,0.0,0.0,0.0,0.0,-0.851,0
434.56,-0.1129,0.0055,0.1617,0.0,0.0,0.0,0.0,-0.853,0
435.06,-0.1129,0.0055,0.1617,0.0,0.0,0.0,0.0,-0.85,0
435.56,-0.1129,0.0055,0.1617,0.0,0.0,0.0,0.0,-0.848,0
436.07,-0.1129,0.0055,0.1617,0.0,0.0,0.0,0.0,-0.848,0
436.57,-0.1129,0.0055,0.1617,0.0,0.0,0.0,0.0,-0.849,0
437.07,-0.1129,0.0055,0.1617,0.0,0.0,0.0,0.0,-0.845,0
437.57,-0.1129,0.0055,0.1617,0.0,0.0,0.0,0.0,-0.845,0
438.07,-0.1129,0.0055,0.1617,0.0,0.0,0.0,0.0,-0.844,0
438.57,-0.1129,0.0055,0.1617,0.0,0.0,0.0,0.0,-0.844,0
439.07,-0.1129,0.0055,0.1617,0.0,0.0,0.0,0.0,-0.845,0
439.56,-0.1129,0.0055,0.1617,0.0,0.0,0.0,0.0,-0.843,0
440.06,-0.1129,0.0055,0.1617,0.0,0.0,0.0,0.0,-0.841,0
440.57,-0.1129,0.0055,0.1617,0.0,0.0,0.0,0.0,-0.839,0
441.07,-0.1129,0.0055,0.1617,0.0,0.0,0.0,0.0,-0.842,0
441.57,-0.1129,0.0055,0.1617,0.0,0.0,0.0,0.0,-0.839,0
442.06,-0.1129,0.0055,0.1617,0.0,0.0,0.0,0.0,-0.838,0
442.57,-0.1129,0.0055,0.1617,0.0,0.0,0.0,0.0,-0.838,0
443.07,-0.1129,0.0055,0.1617,0.0,0.0,0.0,0.0,-0.839,0
443.57,-0.1129,0.0055,0.1617,0.0,0.0,0.0,0.0,-0.841,0
444.07,-0.1129,0.0055,0.1617,0.0,0.0,0.0,0.0,-0.839,0
444.58,-0.1129,0.0055,0.1617,0.0,0.0,0.0,0.0,-0.82,0
445.06,-0.1129,0.0055,0.1617,0.0,0.0,0.0,0.0,-0.837,0
445.57,-0.1129,0.0055,0.1617,0.0,0.0,0.0,0.0,-0.836,0
446.07,-0.1129,0.0055,0.1617,0.0,0.0,0.0,0.0,-0.837,0
446.57,-0.1129,0.0055,0.1617,0.0,0.0,0.0,0.0,-0.834,0
447.07,-0.1129,0.0055,0.1617,0.0,0.0,0.0,0.0,-0.833,0
447.56,-0.1129,0.0055,0.1617,0.0,0.0,0.0,0.0,-0.833,0
448.07,-0.1129,0.0055,0.1617,0.0,0.0,0.0,0.0,-0.834,0
448.57,-0.1129,0.0055,0.1617,0.0,0.0,0.0,0.0,-0.832,0
449.07,-0.1129,0.0055,0.1617,0.0,0.0,0.0,0.0,-0.83,0
449.57,-0.1129,0.0055,0.1617,0.0,0.0,0.0,0.0,-0.828,0
450.07,-0.1129,0.0055,0.1617,0.0,0.0,0.0,0.0,-0.831,0
450.57,-0.1129,0.0055,0.1617,0.0,0.0,0.0,0.0,-0.829,0
451.06,-0.1129,0.0055,0.1617,0.0,0.0,0.0,0.0,-0.828,0
451.57,-0.1129,0.0055,0.1617,0.0,0.0,0.0,0.0,-0.827,0
452.07,-0.1129,0.0055,0.1617,0.0,0.0,0.0,0.0,-0.828,0
452.57,-0.1129,0.0055,0.1617,0.0,0.0,0.0,0.0,-0.829,0
453.07,-0.1129,0.0055,0.1617,0.0,0.0,0.0,0.0,-0.826,0
453.57,-0.1129,0.0055,0.1617,0.0,0.0,0.0,0.0,-0.824,0
454.07,-0.1129,0.0055,0.1617,0.0,0.0,0.0,0.0,-0.825,0
454.57,-0.1129,0.0055,0.1617,0.0,0.0,0.0,0.0,-0.822,0
455.07,-0.1129,0.0055,0.1617,0.0,0.0,0.0,0.0,-0.823,0
455.57,-0.1129,0.0055,0.1617,0.0,0.0,0.0,0.0,-0.723,0
456.07,-0.1129,0.0055,0.1617,0.0,0.0,0.0,0.0,-0.822,0
456.57,-0.1129,0.0055,0.1617,0.0,0.0,0.0,0.0,-0.822,0
457.07,-0.1129,0.0055,0.1617,0.0,0.0,0.0,0.0,-0.82,0
457.57,-0.1129,0.0055,0.1617,0.0,0.0,0.0,0.0,-0.82,0
458.07,-0.1129,0.0055,0.1617,0.0,0.0,0.0,0.0,-0.819,0
458.57,-0.1129,0.0055,0.1617,0.0,0.0,0.0,0.0,-0.818,0
459.06,-0.1129,0.0055,0.1617,0.0,0.0,0.0,0.0,-0.819,0
459.57,-0.1129,0.0055,0.1617,0.0,0.0,0.0,0.0,-0.819,0
460.07,-0.1129,0.0055,0.1617,0.0,0.0,0.0,0.0,-0.816,0
460.57,-0.1129,0.0055,0.1617,0.0,0.0,0.0,0.0,-0.816,0
461.07,-0.1129,0.0055,0.1617,0.0,0.0,0.0,0.0,-0.817,0
461.57,-0.1129,0.0055,0.1617,0.0,0.0,0.0,0.0,-0.816,0
462.07,-0.1129,0.0055,0.1617,0.0,0.0,0.0,0.0,-0.813,0
462.56,-0.1129,0.0055,0.1617,0.0,0.0,0.0,0.0,-0.812,0
463.07,-0.1129,0.0055,0.1617,0.0,0.0,0.0,0.0,-0.813,0
463.57,-0.1129,0.0055,0.1617,0.0,0.0,0.0,0.0,-0.812,0
464.06,-0.1129,0.0055,0.1617,0.0,0.0,0.0,0.0,-0.81,0
464.56,-0.1129,0.0055,0.1617,0.0,0.0,0.0,0.0,-0.811,0
465.07,-0.1129,0.0055,0.1617,0.0,0.0,0.0,0.0,-0.811,0
465.57,-0.1129,0.0055,0.1617,0.0,0.0,0.0,0.0,-0.81,0
466.06,-0.1129,0.0055,0.1617,0.0,0.0,0.0,0.0,-0.808,0
466.57,-0.1129,0.0055,0.1617,0.0,0.0,0.0,0.0,-0.8,0
467.07,-0.1129,0.0055,0.1617,0.0,0.0,0.0,0.0,-0.806,0
467.57,-0.1129,0.0055,0.1617,0.0,0.0,0.0,0.0,-0.808,0
468.07,-0.1129,0.0055,0.1617,0.0,0.0,0.0,0.0,-0.806,0
468.57,-0.1129,0.0055,0.1617,0.0,0.0,0.0,0.0,-0.801,0
469.07,-0.1129,0.0055,0.1617,0.0,0.0,0.0,0.0,-0.807,0
469.57,-0.1129,0.0055,0.1617,0.0,0.0,0.0,0.0,-0.805,0
470.07,-0.1129,0.0055,0.1617,0.0,0.0,0.0,0.0,-0.802,0
470.57,-0.1129,0.0055,0.1617,0.0,0.0,0.0,0.0,-0.803,0
471.06,-0.1129,0.0055,0.1617,0.0,0.0,0.0,0.0,-0.804,0
471.57,-0.1129,0.0055,0.1617,0.0,0.0,0.0,0.0,-0.801,0
472.07,-0.1129,0.0055,0.1617,0.0,0.0,0.0,0.0,-0.8,0
472.57,-0.1129,0.0055,0.1617,0.0,0.0,0.0,0.0,-0.799,0
473.06,-0.1129,0.0055,0.1617,0.0,0.0,0.0,0.0,-0.802,0
473.57,-0.1129,0.0055,0.1617,0.0,0.0,0.0,0.0,-0.801,0
474.07,-0.1129,0.0055,0.1617,0.0,0.0,0.0,0.0,-0.798,0
474.57,-0.1129,0.0055,0.1617,0.0,0.0,0.0,0.0,-0.798,0
475.07,-0.1129,0.0055,0.1617,0.0,0.0,0.0,0.0,-0.798,0
475.57,-0.1129,0.0055,0.1617,0.0,0.0,0.0,0.0,-0.797,0
476.07,-0.1129,0.0055,0.1617,0.0,0.0,0.0,0.0,-0.795,0
476.57,-0.1129,0.0055,0.1617,0.0,0.0,0.0,0.0,-0.795,0
477.07,-0.1129,0.0055,0.1617,0.0,0.0,0.0,0.0,-0.795,0
477.57,-0.1129,0.0055,0.1617,0.0,0.0,0.0,0.0,-0.791,0
478.07,-0.1129,0.0055,0.1617,0.0,0.0,0.0,0.0,-0.79,0
478.56,-0.1129,0.0055,0.1617,0.0,0.0,0.0,0.0,-0.791,0
479.07,-0.1129,0.0055,0.1617,0.0,0.0,0.0,0.0,-0.791,0
479.57,-0.1129,0.0055,0.1617,0.0,0.0,0.0,0.0,-0.788,0
480.07,-0.1129,0.0055,0.1617,0.0,0.0,0.0,0.0,-0.786,0
480.57,-0.1129,0.0055,0.1617,0.0,0.0,0.0,0.0,-0.786,0
481.07,-0.1129,0.0055,0.1617,0.0,0.0,0.0,0.0,-0.785,0
481.57,-0.1129,0.0055,0.1617,0.0,0.0,0.0,0.0,-0.788,0
482.06,-0.1129,0.0055,0.1617,0.0,0.0,0.0,0.0,-0.786,0
482.57,-0.1129,0.0055,0.1617,0.0,0.0,0.0,0.0,-0.785,0
483.06,-0.1129,0.0055,0.1617,0.0,0.0,0.0,0.0,-0.785,0
483.57,-0.1129,0.0055,0.1617,0.0,0.0,0.0,0.0,-0.781,0
484.07,-0.1129,0.0055,0.1617,0.0,0.0,0.0,0.0,-0.773,0
484.57,-0.1129,0.0055,0.1617,0.0,0.0,0.0,0.0,-0.781,0
485.07,-0.1129,0.0055,0.1617,0.0,0.0,0.0,0.0,-0.781,0
485.56,-0.1129,0.0055,0.1617,0.0,0.0,0.0,0.0,-0.78,0
486.07,-0.1129,0.0055,0.1617,0.0,0.0,0.0,0.0,-0.774,0
486.57,-0.1129,0.0055,0.1617,0.0,0.0,0.0,0.0,-0.773,0
487.07,-0.1129,0.0055,0.1617,0.0,0.0,0.0,0.0,-0.776,0
487.57,-0.1129,0.0055,0.1617,0.0,0.0,0.0,0.0,-0.778,0
488.07,-0.1129,0.0055,0.1617,0.0,0.0,0.0,0.0,-0.776,0
488.56,-0.1129,0.0055,0.1617,0.0,0.0,0.0,0.0,-0.774,0
489.07,-0.1129,0.0055,0.1617,0.0,0.0,0.0,0.0,-0.773,0
489.57,-0.1129,0.0055,0.1617,0.0,0.0,0.0,0.0,-0.873,0
490.07,-0.1129,0.0055,0.1617,0.0,0.0,0.0,0.0,-0.773,0
490.57,-0.1129,0.0055,0.1617,0.0,0.0,0.0,0.0,-0.871,0
491.06,-0.1129,0.0055,0.1617,0.0,0.0,0.0,0.0,-0.868,0
491.57,-0.1129,0.0055,0.1617,0.0,0.0,0.0,0.0,-0.867,0
492.07,-0.1129,0.0055,0.1617,0.0,0.0,0.0,0.0,-0.867,0
492.56,-0.1129,0.0055,0.1617,0.0,0.0,0.0,0.0,-0.868,0
493.07,-0.1129,0.0055,0.1617,0.0,0.0,0.0,0.0,-0.766,0
493.57,-0.1129,0.0055,0.1617,0.0,0.0,0.0,0.0,-0.863,0
494.07,-0.1129,0.0055,0.1617,0.0,0.0,0.0,0.0,-0.864,0
494.57,-0.1129,0.0055,0.1617,0.0,0.0,0.0,0.0,-0.864,0
495.07,-0.1129,0.0055,0.1617,0.0,0.0,0.0,0.0,-0.863,0
495.57,-0.1129,0.0055,0.1617,0.0,0.0,0.0,0.0,-0.861,0
496.07,-0.1129,0.0055,0.1617,0.0,0.0,0.0,0.0,-0.861,0
496.57,-0.1129,0.0055,0.1617,0.0,0.0,0.0,0.0,-0.862,0
497.07,-0.1129,0.0055,0.1617,0.0,0.0,0.0,0.0,-0.86,0
497.57,-0.1129,0.0055,0.1617,0.0,0.0,0.0,0.0,-0.86,0
498.07,-0.1129,0.0055,0.1617,0.0,0.0,0.0,0.0,-0.859,0
498.57,-0.1129,0.0055,0.1617,0.0,0.0,0.0,0.0,-0.858,0
499.06,-0.1129,0.0055,0.1617,0.0,0.0,0.0,0.0,-0.859,0
499.57,-0.1129,0.0055,0.1617,0.0,0.0,0.0,0.0,-0.856,0
500.07,-0.1129,0.0055,0.1617,0.0,0.0,0.0,0.0,-0.856,0
500.57,-0.1129,0.0055,0.1617,0.0,0.0,0.0,0.0,-0.857,0
501.07,-0.1129,0.0055,0.1617,0.0,0.0,0.0,0.0,-0.857,0
501.57,-0.1129,0.0055,0.1617,0.0,0.0,0.0,0.0,-0.855,0
502.06,-0.1129,0.0055,0.1617,0.0,0.0,0.0,0.0,-0.853,0
502.57,-0.1129,0.0055,0.1617,0.0,0.0,0.0,0.0,-0.853,0
503.06,-0.1129,0.0055,0.1617,0.0,0.0,0.0,0.0,-0.855,0
503.56,-0.1129,0.0055,0.1617,0.0,0.0,0.0,0.0,-0.854,0
504.07,-0.1129,0.0055,0.1617,0.0,0.0,0.0,0.0,-0.851,0
504.56,-0.1129,0.0055,0.1617,0.0,0.0,0.0,0.0,-0.851,0
505.07,-0.1129,0.0055,0.1617,0.0,0.0,0.0,0.0,-0.851,0
505.56,-0.1129,0.0055,0.1617,0.0,0.0,0.0,0.0,-0.851,0
506.07,-0.1129,0.0055,0.1617,0.0,0.0,0.0,0.0,-0.849,0
506.57,-0.1129,0.0055,0.1617,0.0,0.0,0.0,0.0,-0.849,0
507.07,-0.1129,0.0055,0.1617,0.0,0.0,0.0,0.0,-0.849,0
507.57,-0.1129,0.0055,0.1617,0.0,0.0,0.0,0.0,-0.849,0
508.07,-0.1129,0.0055,0.1617,0.0,0.0,0.0,0.0,-0.846,0
508.56,-0.1129,0.0055,0.1617,0.0,0.0,0.0,0.0,-0.846,0
509.07,-0.1129,0.0055,0.1617,0.0,0.0,0.0,0.0,-0.847,0
509.56,-0.1129,0.0055,0.1617,0.0,0.0,0.0,0.0,-0.847,0
510.07,-0.1129,0.0055,0.1617,0.0,0.0,0.0,0.0,-0.845,0
510.56,-0.1129,0.0055,0.1617,0.0,0.0,0.0,0.0,-0.843,0
511.06,-0.1129,0.0055,0.1617,0.0,0.0,0.0,0.0,-0.843,0
511.57,-0.1129,0.0055,0.1617,0.0,0.0,0.0,0.0,-0.844,0
512.07,-0.1129,0.0055,0.1617,0.0,0.0,0.0,0.0,-0.841,0
512.57,-0.1129,0.0055,0.1617,0.0,0.0,0.0,0.0,-0.841,0
513.06,-0.1129,0.0055,0.1617,0.0,0.0,0.0,0.0,-0.84,0
513.57,-0.1129,0.0055,0.1617,0.0,0.0,0.0,0.0,-0.84,0
514.07,-0.1129,0.0055,0.1617,0.0,0.0,0.0,0.0,-0.84,0
514.57,-0.1129,0.0055,0.1617,0.0,0.0,0.0,0.0,-0.838,0
515.07,-0.1129,0.0055,0.1617,0.0,0.0,0.0,0.0,-0.839,0
515.57,-0.1129,0.0055,0.1617,0.0,0.0,0.0,0.0,-0.838,0
516.07,-0.1129,0.0055,0.1617,0.0,0.0,0.0,0.0,-0.836,0
516.57,-0.1129,0.0055,0.1617,0.0,0.0,0.0,0.0,-0.835,0
517.07,-0.1129,0.0055,0.1617,0.0,0.0,0.0,0.0,-0.838,0
517.57,-0.1129,0.0055,0.1617,0.0,0.0,0.0,0.0,-0.837,0
518.07,-0.1129,0.0055,0.1617,0.0,0.0,0.0,0.0,-0.833,0
518.57,-0.1129,0.0055,0.1617,0.0,0.0,0.0,0.0,-0.834,0
519.07,-0.1129,0.0055,0.1617,0.0,0.0,0.0,0.0,-0.834,0
519.57,-0.1129,0.0055,0.1617,0.0,0.0,0.0,0.0,-0.833,0
520.07,-0.1129,0.0055,0.1617,0.0,0.0,0.0,0.0,-0.832,0
520.57,-0.1129,0.0055,0.1617,0.0,0.0,0.0,0.0,-0.83,0
521.07,-0.1129,0.0055,0.1617,0.0,0.0,0.0,0.0,-0.833,0
521.57,-0.1129,0.0055,0.1617,0.0,0.0,0.0,0.0,-0.831,0
522.07,-0.1129,0.0055,0.1617,0.0,0.0,0.0,0.0,-0.82,0
522.57,-0.1129,0.0055,0.1617,0.0,0.0,0.0,0.0,-0.827,0
523.07,-0.1129,0.0055,0.1617,0.0,0.0,0.0,0.0,-0.827,0
523.57,-0.1129,0.0055,0.1617,0.0,0.0,0.0,0.0,-0.829,0
524.07,-0.1129,0.0055,0.1617,0.0,0.0,0.0,0.0,-0.827,0
524.56,-0.1129,0.0055,0.1617,0.0,0.0,0.0,0.0,-0.83,0
525.06,-0.1129,0.0055,0.1617,0.0,0.0,0.0,0.0,-0.826,0
525.56,-0.1129,0.0055,0.1617,0.0,0.0,0.0,0.0,-0.825,0
526.07,-0.1129,0.0055,0.1617,0.0,0.0,0.0,0.0,-0.825,0
526.57,-0.1129,0.0055,0.1617,0.0,0.0,0.0,0.0,-0.826,0
527.07,-0.1129,0.0055,0.1617,0.0,0.0,0.0,0.0,-0.823,0
527.57,-0.1129,0.0055,0.1617,0.0,0.0,0.0,0.0,-0.823,0
528.07,-0.1129,0.0055,0.1617,0.0,0.0,0.0,0.0,-0.822,0
528.57,-0.1129,0.0055,0.1617,0.0,0.0,0.0,0.0,-0.824,0
529.07,-0.1129,0.0055,0.1617,0.0,0.0,0.0,0.0,-0.819,0
529.57,-0.1129,0.0055,0.1617,0.0,0.0,0.0,0.0,-0.819,0
530.07,-0.1129,0.0055,0.1617,0.0,0.0,0.0,0.0,-0.82,0
530.57,-0.1129,0.0055,0.1617,0.0,0.0,0.0,0.0,-0.821,0
531.07,-0.1129,0.0055,0.1617,0.0,0.0,0.0,0.0,-0.817,0
531.57,-0.1129,0.0055,0.1617,0.0,0.0,0.0,0.0,-0.715,0
532.07,-0.1129,0.0055,0.1617,0.0,0.0,0.0,0.0,-0.817,0
532.57,-0.1129,0.0055,0.1617,0.0,0.0,0.0,0.0,-0.816,0
533.07,-0.1129,0.0055,0.1617,0.0,0.0,0.0,0.0,-0.817,0
533.57,-0.1129,0.0055,0.1617,0.0,0.0,0.0,0.0,-0.813,0
534.07,-0.1129,0.0055,0.1617,0.0,0.0,0.0,0.0,-0.811,0
534.57,-0.1129,0.0055,0.1617,0.0,0.0,0.0,0.0,-0.812,0
535.07,-0.1129,0.0055,0.1617,0.0,0.0,0.0,0.0,-0.812,0
535.57,-0.1129,0.0055,0.1617,0.0,0.0,0.0,0.0,-0.811,0
536.07,-0.1129,0.0055,0.1617,0.0,0.0,0.0,0.0,-0.808,0
536.57,-0.1129,0.0055,0.1617,0.0,0.0,0.0,0.0,-0.806,0
537.07,-0.1129,0.0055,0.1617,0.0,0.0,0.0,0.0,-0.808,0
537.57,-0.1129,0.0055,0.1617,0.0,0.0,0.0,0.0,-0.803,0
538.07,-0.1129,0.0055,0.1617,0.0,0.0,0.0,0.0,-0.808,0
538.57,-0.1129,0.0055,0.1617,0.0,0.0,0.0,0.0,-0.806,0
539.06,-0.1129,0.0055,0.1617,0.0,0.0,0.0,0.0,-0.805,0
539.57,-0.1129,0.0055,0.1617,0.0,0.0,0.0,0.0,-0.805,0
540.07,-0.1129,0.0055,0.1617,0.0,0.0,0.0,0.0,-0.805,0
540.57,-0.1129,0.0055,0.1617,0.0,0.0,0.0,0.0,-0.804,0
541.07,-0.1129,0.0055,0.1617,0.0,0.0,0.0,0.0,-0.804,0
541.57,-0.1129,0.0055,0.1617,0.0,0.0,0.0,0.0,-0.805,0
542.07,-0.1129,0.0055,0.1617,0.0,0.0,0.0,0.0,-0.802,0
542.57,-0.1129,0.0055,0.1617,0.0,0.0,0.0,0.0,-0.795,0
543.07,-0.1129,0.0055,0.1617,0.0,0.0,0.0,0.0,-0.801,0
543.57,-0.1129,0.0055,0.1617,0.0,0.0,0.0,0.0,-0.8,0
544.07,-0.1129,0.0055,0.1617,0.0,0.0,0.0,0.0,-0.799,0
544.57,-0.1129,0.0055,0.1617,0.0,0.0,0.0,0.0,-0.797,0
545.07,-0.1129,0.0055,0.1617,0.0,0.0,0.0,0.0,-0.797,0
545.57,-0.1129,0.0055,0.1617,0.0,0.0,0.0,0.0,-0.8,0
546.07,-0.1129,0.0055,0.1617,0.0,0.0,0.0,0.0,-0.799,0
546.57,-0.1129,0.0055,0.1617,0.0,0.0,0.0,0.0,-0.797,0
547.07,-0.1129,0.0055,0.1617,0.0,0.0,0.0,0.0,-0.795,0
547.57,-0.1129,0.0055,0.1617,0.0,0.0,0.0,0.0,-0.79,0
548.06,-0.1129,0.0055,0.1617,0.0,0.0,0.0,0.0,-0.798,0
548.57,-0.1129,0.0055,0.1617,0.0,0.0,0.0,0.0,-0.796,0
549.07,-0.1129,0.0055,0.1617,0.0,0.0,0.0,0.0,-0.792,0
549.57,-0.1129,0.0055,0.1617,0.0,0.0,0.0,0.0,-0.791,0
550.07,-0.1129,0.0055,0.1617,0.0,0.0,0.0,0.0,-0.787,0
550.57,-0.1129,0.0055,0.1617,0.0,0.0,0.0,0.0,-0.793,0
551.07,-0.1129,0.0055,0.1617,0.0,0.0,0.0,0.0,-0.789,0
551.57,-0.1129,0.0055,0.1617,0.0,0.0,0.0,0.0,-0.785,0
552.07,-0.1129,0.0055,0.1617,0.0,0.0,0.0,0.0,-0.79,0
552.57,-0.1129,0.0055,0.1617,0.0,0.0,0.0,0.0,-0.788,0
553.07,-0.1129,0.0055,0.1617,0.0,0.0,0.0,0.0,-0.788,0
553.57,-0.1129,0.0055,0.1617,0.0,0.0,0.0,0.0,-0.785,0
554.07,-0.1129,0.0055,0.1617,0.0,0.0,0.0,0.0,-0.781,0
554.57,-0.1129,0.0055,0.1617,0.0,0.0,0.0,0.0,-0.783,0
555.07,-0.1129,0.0055,0.1617,0.0,0.0,0.0,0.0,-0.785,0
555.57,-0.1129,0.0055,0.1617,0.0,0.0,0.0,0.0,-0.784,0
556.06,-0.1129,0.0055,0.1617,0.0,0.0,0.0,0.0,-0.785,0
556.57,-0.1129,0.0055,0.1617,0.0,0.0,0.0,0.0,-0.785,0
557.07,-0.1129,0.0055,0.1617,0.0,0.0,0.0,0.0,-0.785,0
557.57,-0.1129,0.0055,0.1617,0.0,0.0,0.0,0.0,-0.781,0
558.07,-0.1129,0.0055,0.1617,0.0,0.0,0.0,0.0,-0.782,0
558.57,-0.1129,0.0055,0.1617,0.0,0.0,0.0,0.0,-0.282,0
559.07,-0.1129,0.0055,0.1617,0.0,0.0,0.0,0.0,0.218,0
559.57,-0.1129,0.0055,0.1617,0.0,0.0,0.0,0.0,0.718,0
560.07,-0.1129,0.0055,0.1617,0.0,0.0,0.0,0.0,1.217,0
560.57,-0.1129,0.0055,0.1617,0.0,0.0,0.0,0.0,1.722,0
561.07,-0.1129,0.0055,0.1617,0.0,0.0,0.0,0.0,2.227,0
561.57,-0.1129,0.0055,0.1617,0.0,0.0,0.0,0.0,2.719,0
562.07,0.0,-0.0,0.0,0.1131,0.1617,0.0,0.0,-0.783,0
562.57,0.0,-0.0,0.0,0.0,0.0,0.0,0.0,-0.692,0
563.07,-0.2263,0.0842,2.5449,0.2415,2.5449,0.0,0.0,-0.79,0
563.57,-0.2263,0.0842,2.5449,0.0,0.0,0.0,0.0,-0.79,0
564.07,-0.2263,0.0842,2.5449,0.0,0.0,0.0,0.0,-0.787,0
564.57,-0.2263,0.0842,2.5449,0.0,0.0,0.0,0.0,-0.79,0
565.07,-0.2263,0.0842,2.5449,0.0,0.0,0.0,0.0,-0.789,0
565.57,-0.2263,0.0842,2.5449,0.0,0.0,0.0,0.0,-0.789,0
566.07,-0.2263,0.0842,2.5449,0.0,0.0,0.0,0.0,-0.786,0
566.57,-0.2263,0.0842,2.5449,0.0,0.0,0.0,0.0,-0.783,0
567.08,-0.2263,0.0842,2.5449,0.0,0.0,0.0,0.0,-0.775,0
567.57,-0.2263,0.0842,2.5449,0.0,0.0,0.0,0.0,-0.786,0
568.07,-0.2263,0.0842,2.5449,0.0,0.0,0.0,0.0,-0.786,0
568.57,-0.2263,0.0842,2.5449,0.0,0.0,0.0,0.0,-0.786,0
569.07,-0.2263,0.0842,2.5449,0.0,0.0,0.0,0.0,-0.786,0
569.57,-0.2263,0.0842,2.5449,0.0,0.0,0.0,0.0,-0.782,0
570.07,-0.2263,0.0842,2.5449,0.0,0.0,0.0,0.0,-0.783,0
570.57,-0.2263,0.0842,2.5449,0.0,0.0,0.0,0.0,-0.781,0
571.07,-0.2263,0.0842,2.5449,0.0,0.0,0.0,0.0,-0.783,0
571.57,-0.2263,0.0842,2.5449,0.0,0.0,0.0,0.0,-0.781,0
572.07,-0.2263,0.0842,2.5449,0.0,0.0,0.0,0.0,-0.78,0
572.57,-0.2263,0.0842,2.5449,0.0,0.0,0.0,0.0,-0.779,0
573.07,-0.2263,0.0842,2.5449,0.0,0.0,0.0,0.0,-0.281,0
573.57,-0.2263,0.0842,2.5449,0.0,0.0,0.0,0.0,0.219,0
574.07,-0.2263,0.0842,2.5449,0.0,0.0,0.0,0.0,0.721,0
574.57,-0.2263,0.0842,2.5449,0.0,0.0,0.0,0.0,1.219,0
575.07,-0.2263,0.0842,2.5449,0.0,0.0,0.0,0.0,1.719,0
575.57,-0.2263,0.0842,2.5449,0.0,0.0,0.0,0.0,2.219,0
576.07,-0.2263,0.0842,2.5449,0.0,0.0,0.0,0.0,2.719,0
576.57,-0.2263,0.0842,2.5449,0.0,0.0,0.0,0.0,3.22,0
577.07,-0.2263,0.0842,2.5449,0.0,0.0,0.0,0.0,3.723,0
577.57,-0.2263,0.0842,2.5449,0.0,0.0,0.0,0.0,4.219,0
578.07,-0.2472,0.0642,2.5344,0.029,0.0104,0.0,0.0,-0.861,0
578.57,-0.2472,0.0642,2.5344,0.0,0.0,0.0,0.0,-0.858,0
579.07,-0.2472,0.0642,2.5344,0.0,0.0,0.0,0.0,-0.859,0
579.56,-0.2472,0.0642,2.5344,0.0,0.0,0.0,0.0,-0.862,0
580.07,-0.2472,0.0642,2.5344,0.0,0.0,0.0,0.0,-0.857,0
580.57,-0.2472,0.0642,2.5344,0.0,0.0,0.0,0.0,-0.858,0
581.07,-0.2472,0.0642,2.5344,0.0,0.0,0.0,0.0,-0.858,0
581.57,-0.2472,0.0642,2.5344,0.0,0.0,0.0,0.0,-0.857,0
582.07,-0.2472,0.0642,2.5344,0.0,0.0,0.0,0.0,-0.856,0
582.57,-0.2472,0.0642,2.5344,0.0,0.0,0.0,0.0,-0.857,0
583.07,-0.2472,0.0642,2.5344,0.0,0.0,0.0,0.0,-0.856,0
583.57,-0.2472,0.0642,2.5344,0.0,0.0,0.0,0.0,-0.854,0
584.07,-0.2472,0.0642,2.5344,0.0,0.0,0.0,0.0,-0.854,0
584.57,-0.2472,0.0642,2.5344,0.0,0.0,0.0,0.0,-0.848,0
585.07,-0.2472,0.0642,2.5344,0.0,0.0,0.0,0.0,-0.852,0
585.57,-0.2472,0.0642,2.5344,0.0,0.0,0.0,0.0,-0.752,0
586.06,-0.2472,0.0642,2.5344,0.0,0.0,0.0,0.0,-0.852,0
586.57,-0.2472,0.0642,2.5344,0.0,0.0,0.0,0.0,-0.847,0
587.07,-0.2472,0.0642,2.5344,0.0,0.0,0.0,0.0,-0.847,0
587.56,-0.2472,0.0642,2.5344,0.0,0.0,0.0,0.0,-0.848,0
588.07,-0.2472,0.0642,2.5344,0.0,0.0,0.0,0.0,-0.847,0
588.57,-0.2472,0.0642,2.5344,0.0,0.0,0.0,0.0,-0.849,0
589.06,-0.2472,0.0642,2.5344,0.0,0.0,0.0,0.0,-0.848,0
589.57,-0.2472,0.0642,2.5344,0.0,0.0,0.0,0.0,-0.846,0
590.07,-0.2472,0.0642,2.5344,0.0,0.0,0.0,0.0,-0.84,0
590.57,-0.2472,0.0642,2.5344,0.0,0.0,0.0,0.0,-0.842,0
591.07,-0.2472,0.0642,2.5344,0.0,0.0,0.0,0.0,-0.844,0
591.56,-0.2472,0.0642,2.5344,0.0,0.0,0.0,0.0,-0.844,0
592.07,-0.2472,0.0642,2.5344,0.0,0.0,0.0,0.0,-0.841,0
592.56,-0.2472,0.0642,2.5344,0.0,0.0,0.0,0.0,-0.84,0
593.07,-0.2472,0.0642,2.5344,0.0,0.0,0.0,0.0,-0.84,0
593.57,-0.2472,0.0642,2.5344,0.0,0.0,0.0,0.0,-0.838,0
594.07,-0.2472,0.0642,2.5344,0.0,0.0,0.0,0.0,-0.836,0
594.57,-0.2472,0.0642,2.5344,0.0,0.0,0.0,0.0,-0.838,0
595.07,-0.2472,0.0642,2.5344,0.0,0.0,0.0,0.0,-0.836,0
595.57,-0.2472,0.0642,2.5344,0.0,0.0,0.0,0.0,-0.836,0
596.07,-0.2472,0.0642,2.5344,0.0,0.0,0.0,0.0,-0.838,0
596.57,-0.2472,0.0642,2.5344,0.0,0.0,0.0,0.0,-0.837,0
597.07,-0.2472,0.0642,2.5344,0.0,0.0,0.0,0.0,-0.833,0
597.57,-0.2472,0.0642,2.5344,0.0,0.0,0.0,0.0,-0.834,0
598.07,-0.2472,0.0642,2.5344,0.0,0.0,0.0,0.0,-0.831,0
598.57,-0.2472,0.0642,2.5344,0.0,0.0,0.0,0.0,-0.829,0
599.07,-0.2472,0.0642,2.5344,0.0,0.0,0.0,0.0,-0.83,0
599.57,-0.2472,0.0642,2.5344,0.0,0.0,0.0,0.0,-0.831,0
600.07,-0.2472,0.0642,2.5344,0.0,0.0,0.0,0.0,-0.826,0
600.57,-0.2472,0.0642,2.5344,0.0,0.0,0.0,0.0,-0.827,0
601.07,-0.2472,0.0642,2.5344,0.0,0.0,0.0,0.0,-0.831,0
601.56,-0.2472,0.0642,2.5344,0.0,0.0,0.0,0.0,-0.829,0
602.07,-0.2472,0.0642,2.5344,0.0,0.0,0.0,0.0,-0.827,0
602.57,-0.2472,0.0642,2.5344,0.0,0.0,0.0,0.0,-0.826,0
603.06,-0.2472,0.0642,2.5344,0.0,0.0,0.0,0.0,-0.829,0
603.57,-0.2472,0.0642,2.5344,0.0,0.0,0.0,0.0,-0.827,0
604.07,-0.2472,0.0642,2.5344,0.0,0.0,0.0,0.0,-0.823,0
604.57,-0.2472,0.0642,2.5344,0.0,0.0,0.0,0.0,-0.821,0
605.07,-0.2472,0.0642,2.5344,0.0,0.0,0.0,0.0,-0.822,0
605.57,-0.2472,0.0642,2.5344,0.0,0.0,0.0,0.0,-0.823,0
606.07,-0.2472,0.0642,2.5344,0.0,0.0,0.0,0.0,-0.822,0
606.57,-0.2472,0.0642,2.5344,0.0,0.0,0.0,0.0,-0.821,0
607.07,-0.2472,0.0642,2.5344,0.0,0.0,0.0,0.0,-0.822,0
607.57,-0.2472,0.0642,2.5344,0.0,0.0,0.0,0.0,-0.817,0
608.07,-0.2472,0.0642,2.5344,0.0,0.0,0.0,0.0,-0.815,0
608.57,-0.2472,0.0642,2.5344,0.0,0.0,0.0,0.0,-0.816,0
609.07,-0.2472,0.0642,2.5344,0.0,0.0,0.0,0.0,-0.816,0
609.57,-0.2472,0.0642,2.5344,0.0,0.0,0.0,0.0,-0.817,0
610.07,-0.2472,0.0642,2.5344,0.0,0.0,0.0,0.0,-0.813,0
610.57,-0.2472,0.0642,2.5344,0.0,0.0,0.0,0.0,-0.814,0
611.07,-0.2472,0.0642,2.5344,0.0,0.0,0.0,0.0,-0.812,0
611.57,-0.2472,0.0642,2.5344,0.0,0.0,0.0,0.0,-0.813,0
612.07,-0.2472,0.0642,2.5344,0.0,0.0,0.0,0.0,-0.81,0
612.57,-0.2472,0.0642,2.5344,0.0,0.0,0.0,0.0,-0.809,0
613.07,-0.2472,0.0642,2.5344,0.0,0.0,0.0,0.0,-0.81,0
613.57,-0.2472,0.0642,2.5344,0.0,0.0,0.0,0.0,-0.809,0
614.07,-0.2472,0.0642,2.5344,0.0,0.0,0.0,0.0,-0.807,0
614.57,-0.2472,0.0642,2.5344,0.0,0.0,0.0,0.0,-0.805,0
615.06,-0.2472,0.0642,2.5344,0.0,0.0,0.0,0.0,-0.805,0
615.57,-0.2472,0.0642,2.5344,0.0,0.0,0.0,0.0,-0.803,0
616.07,-0.2472,0.0642,2.5344,0.0,0.0,0.0,0.0,-0.802,0
616.56,-0.2472,0.0642,2.5344,0.0,0.0,0.0,0.0,-0.804,0
617.07,-0.2472,0.0642,2.5344,0.0,0.0,0.0,0.0,-0.797,0
617.57,-0.2472,0.0642,2.5344,0.0,0.0,0.0,0.0,-0.801,0
618.07,-0.2472,0.0642,2.5344,0.0,0.0,0.0,0.0,-0.797,0
618.57,-0.2472,0.0642,2.5344,0.0,0.0,0.0,0.0,-0.795,0
619.07,-0.2472,0.0642,2.5344,0.0,0.0,0.0,0.0,-0.796,0
619.57,-0.2472,0.0642,2.5344,0.0,0.0,0.0,0.0,-0.798,0
620.07,-0.2472,0.0642,2.5344,0.0,0.0,0.0,0.0,-0.798,0
620.57,-0.2472,0.0642,2.5344,0.0,0.0,0.0,0.0,-0.794,0
621.07,-0.2472,0.0642,2.5344,0.0,0.0,0.0,0.0,-0.798,0
621.57,-0.2472,0.0642,2.5344,0.0,0.0,0.0,0.0,-0.796,0
622.07,-0.2472,0.0642,2.5344,0.0,0.0,0.0,0.0,-0.796,0
622.57,-0.2472,0.0642,2.5344,0.0,0.0,0.0,0.0,-0.786,0
623.07,-0.2472,0.0642,2.5344,0.0,0.0,0.0,0.0,-0.792,0
623.57,-0.2472,0.0642,2.5344,0.0,0.0,0.0,0.0,-0.793,0
624.07,-0.2472,0.0642,2.5344,0.0,0.0,0.0,0.0,-0.785,0
624.57,-0.2472,0.0642,2.5344,0.0,0.0,0.0,0.0,-0.892,0
625.07,-0.2472,0.0642,2.5344,0.0,0.0,0.0,0.0,-0.889,0
625.57,-0.2472,0.0642,2.5344,0.0,0.0,0.0,0.0,-0.883,0
626.07,-0.2472,0.0642,2.5344,0.0,0.0,0.0,0.0,-0.787,0
626.57,-0.2472,0.0642,2.5344,0.0,0.0,0.0,0.0,-0.786,0
627.07,-0.2472,0.0642,2.5344,0.0,0.0,0.0,0.0,-0.782,0
627.58,-0.2472,0.0642,2.5344,0.0,0.0,0.0,0.0,-0.777,0
628.07,-0.2472,0.0642,2.5344,0.0,0.0,0.0,0.0,-0.779,0
628.57,-0.2472,0.0642,2.5344,0.0,0.0,0.0,0.0,-0.881,0
629.07,-0.2472,0.0642,2.5344,0.0,0.0,0.0,0.0,-0.782,0
629.57,-0.2472,0.0642,2.5344,0.0,0.0,0.0,0.0,-0.881,0
630.07,-0.2472,0.0642,2.5344,0.0,0.0,0.0,0.0,-0.783,0
630.57,-0.2472,0.0642,2.5344,0.0,0.0,0.0,0.0,-0.779,0
631.07,-0.2472,0.0642,2.5344,0.0,0.0,0.0,0.0,-0.876,0
631.56,-0.2472,0.0642,2.5344,0.0,0.0,0.0,0.0,-0.782,0
632.07,-0.2472,0.0642,2.5344,0.0,0.0,0.0,0.0,-0.876,0
632.57,-0.2472,0.0642,2.5344,0.0,0.0,0.0,0.0,-0.876,0
633.07,-0.2472,0.0642,2.5344,0.0,0.0,0.0,0.0,-0.776,0
633.57,-0.2472,0.0642,2.5344,0.0,0.0,0.0,0.0,-0.777,0
634.07,-0.2472,0.0642,2.5344,0.0,0.0,0.0,0.0,-0.775,0
634.57,-0.2472,0.0642,2.5344,0.0,0.0,0.0,0.0,-0.874,0
635.07,-0.2472,0.0642,2.5344,0.0,0.0,0.0,0.0,-0.872,0
635.57,-0.2472,0.0642,2.5344,0.0,0.0,0.0,0.0,-0.768,0
636.07,-0.2472,0.0642,2.5344,0.0,0.0,0.0,0.0,-0.871,0
636.57,-0.2472,0.0642,2.5344,0.0,0.0,0.0,0.0,-0.771,0
637.07,-0.2472,0.0642,2.5344,0.0,0.0,0.0,0.0,-0.87,0
637.57,-0.2472,0.0642,2.5344,0.0,0.0,0.0,0.0,-0.77,0
638.07,-0.2472,0.0642,2.5344,0.0,0.0,0.0,0.0,-0.871,0
638.57,-0.2472,0.0642,2.5344,0.0,0.0,0.0,0.0,-0.87,0
639.07,-0.2472,0.0642,2.5344,0.0,0.0,0.0,0.0,-0.766,0
639.57,-0.2472,0.0642,2.5344,0.0,0.0,0.0,0.0,-0.865,0
640.07,-0.2472,0.0642,2.5344,0.0,0.0,0.0,0.0,-0.865,0
640.57,-0.2472,0.0642,2.5344,0.0,0.0,0.0,0.0,-0.866,0
641.07,-0.2472,0.0642,2.5344,0.0,0.0,0.0,0.0,-0.863,0
641.57,-0.2472,0.0642,2.5344,0.0,0.0,0.0,0.0,-0.859,0
642.07,-0.2472,0.0642,2.5344,0.0,0.0,0.0,0.0,-0.859,0
642.57,-0.2472,0.0642,2.5344,0.0,0.0,0.0,0.0,-0.86,0
643.07,-0.2472,0.0642,2.5344,0.0,0.0,0.0,0.0,-0.857,0
643.57,-0.2472,0.0642,2.5344,0.0,0.0,0.0,0.0,-0.858,0
644.06,-0.2472,0.0642,2.5344,0.0,0.0,0.0,0.0,-0.858,0
644.57,-0.2472,0.0642,2.5344,0.0,0.0,0.0,0.0,-0.857,0
645.07,-0.2472,0.0642,2.5344,0.0,0.0,0.0,0.0,-0.855,0
645.57,-0.2472,0.0642,2.5344,0.0,0.0,0.0,0.0,-0.855,0
646.07,-0.2472,0.0642,2.5344,0.0,0.0,0.0,0.0,-0.857,0
646.57,-0.2472,0.0642,2.5344,0.0,0.0,0.0,0.0,-0.852,0
647.07,-0.2472,0.0642,2.5344,0.0,0.0,0.0,0.0,-0.851,0
647.57,-0.2472,0.0642,2.5344,0.0,0.0,0.0,0.0,-0.853,0
648.07,-0.2472,0.0642,2.5344,0.0,0.0,0.0,0.0,-0.851,0
648.58,-0.2472,0.0642,2.5344,0.0,0.0,0.0,0.0,-0.842,0
649.07,-0.2472,0.0642,2.5344,0.0,0.0,0.0,0.0,-0.849,0
649.57,-0.2472,0.0642,2.5344,0.0,0.0,0.0,0.0,-0.849,0
650.06,-0.2472,0.0642,2.5344,0.0,0.0,0.0,0.0,-0.847,0
650.57,-0.2472,0.0642,2.5344,0.0,0.0,0.0,0.0,-0.843,0
651.07,-0.2472,0.0642,2.5344,0.0,0.0,0.0,0.0,-0.842,0
651.57,-0.2472,0.0642,2.5344,0.0,0.0,0.0,0.0,-0.739,0
652.07,-0.2472,0.0642,2.5344,0.0,0.0,0.0,0.0,-0.836,0
652.57,-0.2472,0.0642,2.5344,0.0,0.0,0.0,0.0,-0.842,0
653.07,-0.2472,0.0642,2.5344,0.0,0.0,0.0,0.0,-0.741,0
653.57,-0.2472,0.0642,2.5344,0.0,0.0,0.0,0.0,-0.842,0
654.07,-0.2472,0.0642,2.5344,0.0,0.0,0.0,0.0,-0.837,0
654.58,-0.2472,0.0642,2.5344,0.0,0.0,0.0,0.0,-0.823,0
655.07,-0.2472,0.0642,2.5344,0.0,0.0,0.0,0.0,-0.838,0
655.58,-0.2472,0.0642,2.5344,0.0,0.0,0.0,0.0,-0.829,0
656.07,-0.2472,0.0642,2.5344,0.0,0.0,0.0,0.0,-0.835,0
656.57,-0.2472,0.0642,2.5344,0.0,0.0,0.0,0.0,-0.836,0
657.07,-0.2472,0.0642,2.5344,0.0,0.0,0.0,0.0,-0.835,0
657.57,-0.2472,0.0642,2.5344,0.0,0.0,0.0,0.0,-0.834,0
658.07,-0.2472,0.0642,2.5344,0.0,0.0,0.0,0.0,-0.834,0
658.58,-0.2472,0.0642,2.5344,0.0,0.0,0.0,0.0,-0.823,0
659.07,-0.2472,0.0642,2.5344,0.0,0.0,0.0,0.0,-0.83,0
659.57,-0.2472,0.0642,2.5344,0.0,0.0,0.0,0.0,-0.832,0
660.07,-0.2472,0.0642,2.5344,0.0,0.0,0.0,0.0,-0.83,0
660.57,-0.2472,0.0642,2.5344,0.0,0.0,0.0,0.0,-0.833,0
661.06,-0.2472,0.0642,2.5344,0.0,0.0,0.0,0.0,-0.833,0
661.57,-0.2472,0.0642,2.5344,0.0,0.0,0.0,0.0,-0.826,0
662.07,-0.2472,0.0642,2.5344,0.0,0.0,0.0,0.0,-0.827,0
662.58,-0.2472,0.0642,2.5344,0.0,0.0,0.0,0.0,-0.819,0
663.07,-0.2472,0.0642,2.5344,0.0,0.0,0.0,0.0,-0.828,0
663.57,-0.2472,0.0642,2.5344,0.0,0.0,0.0,0.0,-0.83,0
664.07,-0.2472,0.0642,2.5344,0.0,0.0,0.0,0.0,-0.828,0
664.56,-0.2472,0.0642,2.5344,0.0,0.0,0.0,0.0,-0.825,0
665.07,-0.2472,0.0642,2.5344,0.0,0.0,0.0,0.0,-0.822,0
665.57,-0.2472,0.0642,2.5344,0.0,0.0,0.0,0.0,-0.824,0
666.07,-0.2472,0.0642,2.5344,0.0,0.0,0.0,0.0,-0.824,0
666.57,-0.2472,0.0642,2.5344,0.0,0.0,0.0,0.0,-0.822,0
667.07,-0.2472,0.0642,2.5344,0.0,0.0,0.0,0.0,-0.821,0
667.57,-0.2472,0.0642,2.5344,0.0,0.0,0.0,0.0,-0.816,0
668.07,-0.2472,0.0642,2.5344,0.0,0.0,0.0,0.0,-0.819,0
668.57,-0.2472,0.0642,2.5344,0.0,0.0,0.0,0.0,-0.811,0
669.07,-0.2472,0.0642,2.5344,0.0,0.0,0.0,0.0,-0.817,0
669.57,-0.2472,0.0642,2.5344,0.0,0.0,0.0,0.0,-0.816,0
670.07,-0.2472,0.0642,2.5344,0.0,0.0,0.0,0.0,-0.818,0
670.57,-0.2472,0.0642,2.5344,0.0,0.0,0.0,0.0,-0.819,0
671.07,-0.2472,0.0642,2.5344,0.0,0.0,0.0,0.0,-0.815,0
671.56,-0.2472,0.0642,2.5344,0.0,0.0,0.0,0.0,-0.814,0
672.07,-0.2472,0.0642,2.5344,0.0,0.0,0.0,0.0,-0.812,0
672.57,-0.2472,0.0642,2.5344,0.0,0.0,0.0,0.0,-0.809,0
673.07,-0.2472,0.0642,2.5344,0.0,0.0,0.0,0.0,-0.811,0
673.57,-0.2472,0.0642,2.5344,0.0,0.0,0.0,0.0,-0.81,0
674.07,-0.2472,0.0642,2.5344,0.0,0.0,0.0,0.0,-0.809,0
674.58,-0.2472,0.0642,2.5344,0.0,0.0,0.0,0.0,-0.788,0
675.06,-0.2472,0.0642,2.5344,0.0,0.0,0.0,0.0,-0.807,0
675.58,-0.2472,0.0642,2.5344,0.0,0.0,0.0,0.0,-0.795,0
676.07,-0.2472,0.0642,2.5344,0.0,0.0,0.0,0.0,-0.803,0
676.57,-0.2472,0.0642,2.5344,0.0,0.0,0.0,0.0,-0.8,0
677.07,-0.2472,0.0642,2.5344,0.0,0.0,0.0,0.0,-0.803,0
677.57,-0.2472,0.0642,2.5344,0.0,0.0,0.0,0.0,-0.803,0
678.07,-0.2472,0.0642,2.5344,0.0,0.0,0.0,0.0,-0.799,0
678.57,-0.2472,0.0642,2.5344,0.0,0.0,0.0,0.0,-0.801,0
679.07,-0.2472,0.0642,2.5344,0.0,0.0,0.0,0.0,-0.796,0
679.57,-0.2472,0.0642,2.5344,0.0,0.0,0.0,0.0,-0.799,0
680.07,-0.2472,0.0642,2.5344,0.0,0.0,0.0,0.0,-0.794,0
680.57,-0.2472,0.0642,2.5344,0.0,0.0,0.0,0.0,-0.798,0
681.06,-0.2472,0.0642,2.5344,0.0,0.0,0.0,0.0,-0.802,0
681.57,-0.2472,0.0642,2.5344,0.0,0.0,0.0,0.0,-0.797,0
682.07,-0.2472,0.0642,2.5344,0.0,0.0,0.0,0.0,-0.794,0
682.56,-0.2472,0.0642,2.5344,0.0,0.0,0.0,0.0,-0.797,0
683.07,-0.2472,0.0642,2.5344,0.0,0.0,0.0,0.0,-0.791,0
683.57,-0.2472,0.0642,2.5344,0.0,0.0,0.0,0.0,-0.796,0
684.07,-0.2472,0.0642,2.5344,0.0,0.0,0.0,0.0,-0.79,0
684.57,-0.2472,0.0642,2.5344,0.0,0.0,0.0,0.0,-0.796,0
685.07,-0.2472,0.0642,2.5344,0.0,0.0,0.0,0.0,-0.789,0
685.57,-0.2472,0.0642,2.5344,0.0,0.0,0.0,0.0,-0.794,0
686.07,-0.2472,0.0642,2.5344,0.0,0.0,0.0,0.0,-0.792,0
686.57,-0.2472,0.0642,2.5344,0.0,0.0,0.0,0.0,-0.791,0
687.08,-0.2472,0.0642,2.5344,0.0,0.0,0.0,0.0,-0.779,0
687.57,-0.2472,0.0642,2.5344,0.0,0.0,0.0,0.0,-0.786,0
688.07,-0.2472,0.0642,2.5344,0.0,0.0,0.0,0.0,-0.789,0
688.57,-0.2472,0.0642,2.5344,0.0,0.0,0.0,0.0,-0.891,0
689.07,-0.2472,0.0642,2.5344,0.0,0.0,0.0,0.0,-0.789,0
689.57,-0.2472,0.0642,2.5344,0.0,0.0,0.0,0.0,-0.788,0
690.07,-0.2472,0.0642,2.5344,0.0,0.0,0.0,0.0,-0.784,0
690.57,-0.2472,0.0642,2.5344,0.0,0.0,0.0,0.0,-0.788,0
691.07,-0.2472,0.0642,2.5344,0.0,0.0,0.0,0.0,-0.781,0
691.57,-0.2472,0.0642,2.5344,0.0,0.0,0.0,0.0,-0.886,0
692.07,-0.2472,0.0642,2.5344,0.0,0.0,0.0,0.0,-0.786,0
692.57,-0.2472,0.0642,2.5344,0.0,0.0,0.0,0.0,-0.885,0
693.07,-0.2472,0.0642,2.5344,0.0,0.0,0.0,0.0,-0.881,0
693.57,-0.2472,0.0642,2.5344,0.0,0.0,0.0,0.0,-0.782,0
694.07,-0.2472,0.0642,2.5344,0.0,0.0,0.0,0.0,-0.879,0
694.57,-0.2472,0.0642,2.5344,0.0,0.0,0.0,0.0,-0.78,0
695.07,-0.2472,0.0642,2.5344,0.0,0.0,0.0,0.0,-0.777,0
695.57,-0.2472,0.0642,2.5344,0.0,0.0,0.0,0.0,-0.875,0
696.07,-0.2472,0.0642,2.5344,0.0,0.0,0.0,0.0,-0.874,0
696.57,-0.2472,0.0642,2.5344,0.0,0.0,0.0,0.0,-0.875,0
697.07,-0.2472,0.0642,2.5344,0.0,0.0,0.0,0.0,-0.872,0
697.57,-0.2472,0.0642,2.5344,0.0,0.0,0.0,0.0,-0.875,0
698.07,-0.2472,0.0642,2.5344,0.0,0.0,0.0,0.0,-0.768,0
698.56,-0.2472,0.0642,2.5344,0.0,0.0,0.0,0.0,-0.873,0
699.07,-0.2472,0.0642,2.5344,0.0,0.0,0.0,0.0,-0.87,0
699.57,-0.2472,0.0642,2.5344,0.0,0.0,0.0,0.0,-0.773,0
700.07,-0.2472,0.0642,2.5344,0.0,0.0,0.0,0.0,-0.771,0
700.57,-0.2472,0.0642,2.5344,0.0,0.0,0.0,0.0,-0.864,0
701.07,-0.2472,0.0642,2.5344,0.0,0.0,0.0,0.0,-0.866,0
701.57,-0.2472,0.0642,2.5344,0.0,0.0,0.0,0.0,-0.762,0
702.07,-0.2472,0.0642,2.5344,0.0,0.0,0.0,0.0,-0.866,0
702.58,-0.2472,0.0642,2.5344,0.0,0.0,0.0,0.0,-0.754,0
703.07,-0.2472,0.0642,2.5344,0.0,0.0,0.0,0.0,-0.866,0
703.57,-0.2472,0.0642,2.5344,0.0,0.0,0.0,0.0,-0.765,0
704.07,-0.2472,0.0642,2.5344,0.0,0.0,0.0,0.0,-0.861,0
704.57,-0.2472,0.0642,2.5344,0.0,0.0,0.0,0.0,-0.864,0
705.07,-0.2472,0.0642,2.5344,0.0,0.0,0.0,0.0,-0.761,0
705.57,-0.2472,0.0642,2.5344,0.0,0.0,0.0,0.0,-0.763,0
706.07,-0.2472,0.0642,2.5344,0.0,0.0,0.0,0.0,-0.764,0
706.57,-0.2472,0.0642,2.5344,0.0,0.0,0.0,0.0,-0.861,0
707.07,-0.2472,0.0642,2.5344,0.0,0.0,0.0,0.0,-0.859,0
707.57,-0.2472,0.0642,2.5344,0.0,0.0,0.0,0.0,-0.75,0
708.08,-0.2472,0.0642,2.5344,0.0,0.0,0.0,0.0,-0.745,0
708.57,-0.2472,0.0642,2.5344,0.0,0.0,0.0,0.0,-0.849,0
709.07,-0.2472,0.0642,2.5344,0.0,0.0,0.0,0.0,-0.757,0
709.57,-0.2472,0.0642,2.5344,0.0,0.0,0.0,0.0,-0.852,0
710.07,-0.2472,0.0642,2.5344,0.0,0.0,0.0,0.0,-0.853,0
710.57,-0.2472,0.0642,2.5344,0.0,0.0,0.0,0.0,-0.853,0
711.07,-0.2472,0.0642,2.5344,0.0,0.0,0.0,0.0,-0.851,0
711.57,-0.2472,0.0642,2.5344,0.0,0.0,0.0,0.0,-0.85,0
712.07,-0.2472,0.0642,2.5344,0.0,0.0,0.0,0.0,-0.747,0
712.57,-0.2472,0.0642,2.5344,0.0,0.0,0.0,0.0,-0.845,0
713.07,-0.2472,0.0642,2.5344,0.0,0.0,0.0,0.0,-0.845,0
713.57,-0.2472,0.0642,2.5344,0.0,0.0,0.0,0.0,-0.845,0
714.07,-0.2472,0.0642,2.5344,0.0,0.0,0.0,0.0,-0.846,0
714.57,-0.2472,0.0642,2.5344,0.0,0.0,0.0,0.0,-0.849,0
715.07,-0.2472,0.0642,2.5344,0.0,0.0,0.0,0.0,-0.842,0
715.57,-0.2472,0.0642,2.5344,0.0,0.0,0.0,0.0,-0.841,0
716.07,-0.2472,0.0642,2.5344,0.0,0.0,0.0,0.0,-0.843,0
716.57,-0.2472,0.0642,2.5344,0.0,0.0,0.0,0.0,-0.845,0
717.07,-0.2472,0.0642,2.5344,0.0,0.0,0.0,0.0,-0.842,0
717.57,-0.2472,0.0642,2.5344,0.0,0.0,0.0,0.0,-0.839,0
718.08,-0.2472,0.0642,2.5344,0.0,0.0,0.0,0.0,-0.83,0
718.57,-0.2472,0.0642,2.5344,0.0,0.0,0.0,0.0,-0.84,0
719.07,-0.2472,0.0642,2.5344,0.0,0.0,0.0,0.0,-0.841,0
719.57,-0.2472,0.0642,2.5344,0.0,0.0,0.0,0.0,-0.84,0
720.07,-0.2472,0.0642,2.5344,0.0,0.0,0.0,0.0,-0.835,0
720.57,-0.2472,0.0642,2.5344,0.0,0.0,0.0,0.0,-0.829,0
721.07,-0.2472,0.0642,2.5344,0.0,0.0,0.0,0.0,-0.834,0
721.57,-0.2472,0.0642,2.5344,0.0,0.0,0.0,0.0,-0.837,0
722.07,-0.2472,0.0642,2.5344,0.0,0.0,0.0,0.0,-0.831,0
722.57,-0.2472,0.0642,2.5344,0.0,0.0,0.0,0.0,-0.829,0
723.07,-0.2472,0.0642,2.5344,0.0,0.0,0.0,0.0,-0.824,0
723.56,-0.2472,0.0642,2.5344,0.0,0.0,0.0,0.0,-0.832,0
724.07,-0.2472,0.0642,2.5344,0.0,0.0,0.0,0.0,-0.829,0
724.57,-0.2472,0.0642,2.5344,0.0,0.0,0.0,0.0,-0.822,0
725.07,-0.2472,0.0642,2.5344,0.0,0.0,0.0,0.0,-0.83,0
725.57,-0.2472,0.0642,2.5344,0.0,0.0,0.0,0.0,-0.824,0
726.07,-0.2472,0.0642,2.5344,0.0,0.0,0.0,0.0,-0.829,0
726.58,-0.2472,0.0642,2.5344,0.0,0.0,0.0,0.0,-0.821,0
727.07,-0.2472,0.0642,2.5344,0.0,0.0,0.0,0.0,-0.827,0
727.57,-0.2472,0.0642,2.5344,0.0,0.0,0.0,0.0,-0.822,0
728.06,-0.2472,0.0642,2.5344,0.0,0.0,0.0,0.0,-0.826,0
728.57,-0.2472,0.0642,2.5344,0.0,0.0,0.0,0.0,-0.821,0
729.07,-0.2472,0.0642,2.5344,0.0,0.0,0.0,0.0,-0.724,0
729.57,-0.2472,0.0642,2.5344,0.0,0.0,0.0,0.0,-0.826,0
730.07,-0.2472,0.0642,2.5344,0.0,0.0,0.0,0.0,-0.817,0
730.57,-0.2472,0.0642,2.5344,0.0,0.0,0.0,0.0,-0.82,0
731.07,-0.2472,0.0642,2.5344,0.0,0.0,0.0,0.0,-0.812,0
731.58,-0.2472,0.0642,2.5344,0.0,0.0,0.0,0.0,-0.805,0
732.07,-0.2472,0.0642,2.5344,0.0,0.0,0.0,0.0,-0.82,0
732.57,-0.2472,0.0642,2.5344,0.0,0.0,0.0,0.0,-0.817,0
733.07,-0.2472,0.0642,2.5344,0.0,0.0,0.0,0.0,-0.816,0
733.57,-0.2472,0.0642,2.5344,0.0,0.0,0.0,0.0,-0.808,0
734.07,-0.2472,0.0642,2.5344,0.0,0.0,0.0,0.0,-0.813,0
734.57,-0.2472,0.0642,2.5344,0.0,0.0,0.0,0.0,-0.813,0
735.07,-0.2472,0.0642,2.5344,0.0,0.0,0.0,0.0,-0.811,0
735.57,-0.2472,0.0642,2.5344,0.0,0.0,0.0,0.0,-0.81,0
736.07,-0.2472,0.0642,2.5344,0.0,0.0,0.0,0.0,-0.81,0
736.57,-0.2472,0.0642,2.5344,0.0,0.0,0.0,0.0,-0.808,0
737.07,-0.2472,0.0642,2.5344,0.0,0.0,0.0,0.0,-0.805,0
737.57,-0.2472,0.0642,2.5344,0.0,0.0,0.0,0.0,-0.803,0
738.07,-0.2472,0.0642,2.5344,0.0,0.0,0.0,0.0,-0.805,0
738.57,-0.2472,0.0642,2.5344,0.0,0.0,0.0,0.0,-0.803,0
739.07,-0.2472,0.0642,2.5344,0.0,0.0,0.0,0.0,-0.805,0
739.57,-0.2472,0.0642,2.5344,0.0,0.0,0.0,0.0,-0.804,0
740.08,-0.2472,0.0642,2.5344,0.0,0.0,0.0,0.0,-0.785,0
740.57,-0.2472,0.0642,2.5344,0.0,0.0,0.0,0.0,-0.799,0
741.07,-0.2472,0.0642,2.5344,0.0,0.0,0.0,0.0,-0.797,0
741.57,-0.2472,0.0642,2.5344,0.0,0.0,0.0,0.0,-0.8,0
742.07,-0.2472,0.0642,2.5344,0.0,0.0,0.0,0.0,-0.798,0
742.57,-0.2472,0.0642,2.5344,0.0,0.0,0.0,0.0,-0.793,0
743.07,-0.2472,0.0642,2.5344,0.0,0.0,0.0,0.0,-0.8,0
743.57,-0.2472,0.0642,2.5344,0.0,0.0,0.0,0.0,-0.801,0
744.07,-0.2472,0.0642,2.5344,0.0,0.0,0.0,0.0,-0.792,0
744.57,-0.2472,0.0642,2.5344,0.0,0.0,0.0,0.0,-0.798,0
745.07,-0.2472,0.0642,2.5344,0.0,0.0,0.0,0.0,-0.796,0
745.58,-0.2472,0.0642,2.5344,0.0,0.0,0.0,0.0,-0.783,0
746.07,-0.2472,0.0642,2.5344,0.0,0.0,0.0,0.0,-0.791,0
746.57,-0.2472,0.0642,2.5344,0.0,0.0,0.0,0.0,-0.788,0
747.07,-0.2472,0.0642,2.5344,0.0,0.0,0.0,0.0,-0.795,0
747.57,-0.2472,0.0642,2.5344,0.0,0.0,0.0,0.0,-0.79,0
748.07,-0.2472,0.0642,2.5344,0.0,0.0,0.0,0.0,-0.792,0
748.56,-0.2472,0.0642,2.5344,0.0,0.0,0.0,0.0,-0.795,0
749.07,-0.2472,0.0642,2.5344,0.0,0.0,0.0,0.0,-0.794,0
749.58,-0.2472,0.0642,2.5344,0.0,0.0,0.0,0.0,-0.782,0
750.07,-0.2472,0.0642,2.5344,0.0,0.0,0.0,0.0,-0.791,0
750.57,-0.2472,0.0642,2.5344,0.0,0.0,0.0,0.0,-0.787,0
751.07,-0.2472,0.0642,2.5344,0.0,0.0,0.0,0.0,-0.786,0
751.57,-0.2472,0.0642,2.5344,0.0,0.0,0.0,0.0,-0.887,0
752.07,-0.2472,0.0642,2.5344,0.0,0.0,0.0,0.0,-0.788,0
752.57,-0.2472,0.0642,2.5344,0.0,0.0,0.0,0.0,-0.882,0
753.08,-0.2472,0.0642,2.5344,0.0,0.0,0.0,0.0,-0.872,0
753.57,-0.2472,0.0642,2.5344,0.0,0.0,0.0,0.0,-0.785,0
754.07,-0.2472,0.0642,2.5344,0.0,0.0,0.0,0.0,-0.88,0
754.57,-0.2472,0.0642,2.5344,0.0,0.0,0.0,0.0,-0.774,0
755.07,-0.2472,0.0642,2.5344,0.0,0.0,0.0,0.0,-0.778,0
755.57,-0.2472,0.0642,2.5344,0.0,0.0,0.0,0.0,-0.781,0
756.07,-0.2472,0.0642,2.5344,0.0,0.0,0.0,0.0,-0.877,0
756.57,-0.2472,0.0642,2.5344,0.0,0.0,0.0,0.0,-0.876,0
757.07,-0.2472,0.0642,2.5344,0.0,0.0,0.0,0.0,-0.777,0
757.57,-0.2472,0.0642,2.5344,0.0,0.0,0.0,0.0,-0.876,0
758.07,-0.2472,0.0642,2.5344,0.0,0.0,0.0,0.0,-0.877,0
758.57,-0.2472,0.0642,2.5344,0.0,0.0,0.0,0.0,-0.876,0
759.06,-0.2472,0.0642,2.5344,0.0,0.0,0.0,0.0,-0.874,0
759.57,-0.2472,0.0642,2.5344,0.0,0.0,0.0,0.0,-0.774,0
760.07,-0.2472,0.0642,2.5344,0.0,0.0,0.0,0.0,-0.773,0
760.57,-0.2472,0.0642,2.5344,0.0,0.0,0.0,0.0,-0.867,0
761.07,-0.2472,0.0642,2.5344,0.0,0.0,0.0,0.0,-0.868,0
761.57,-0.2472,0.0642,2.5344,0.0,0.0,0.0,0.0,-0.77,0
762.07,-0.2472,0.0642,2.5344,0.0,0.0,0.0,0.0,-0.769,0
762.57,-0.2472,0.0642,2.5344,0.0,0.0,0.0,0.0,-0.766,0
763.07,-0.2472,0.0642,2.5344,0.0,0.0,0.0,0.0,-0.768,0
763.57,-0.2472,0.0642,2.5344,0.0,0.0,0.0,0.0,-0.76,0
764.07,-0.2472,0.0642,2.5344,0.0,0.0,0.0,0.0,-0.766,0
764.57,-0.2472,0.0642,2.5344,0.0,0.0,0.0,0.0,-0.867,0
765.07,-0.2472,0.0642,2.5344,0.0,0.0,0.0,0.0,-0.866,0
765.57,-0.2472,0.0642,2.5344,0.0,0.0,0.0,0.0,-0.861,0
766.07,-0.2472,0.0642,2.5344,0.0,0.0,0.0,0.0,-0.863,0
766.57,-0.2472,0.0642,2.5344,0.0,0.0,0.0,0.0,-0.764,0
767.07,-0.2472,0.0642,2.5344,0.0,0.0,0.0,0.0,-0.755,0
767.57,-0.2472,0.0642,2.5344,0.0,0.0,0.0,0.0,-0.859,0
768.07,-0.2472,0.0642,2.5344,0.0,0.0,0.0,0.0,-0.762,0
768.56,-0.2472,0.0642,2.5344,0.0,0.0,0.0,0.0,-0.863,0
769.07,-0.2472,0.0642,2.5344,0.0,0.0,0.0,0.0,-0.861,0
769.57,-0.2472,0.0642,2.5344,0.0,0.0,0.0,0.0,-0.759,0
770.07,-0.2472,0.0642,2.5344,0.0,0.0,0.0,0.0,-0.855,0
770.57,-0.2472,0.0642,2.5344,0.0,0.0,0.0,0.0,-0.857,0
771.07,-0.2472,0.0642,2.5344,0.0,0.0,0.0,0.0,-0.757,0
771.57,-0.2472,0.0642,2.5344,0.0,0.0,0.0,0.0,-0.857,0
772.07,-0.2472,0.0642,2.5344,0.0,0.0,0.0,0.0,-0.856,0
772.57,-0.2472,0.0642,2.5344,0.0,0.0,0.0,0.0,-0.756,0
773.07,-0.2472,0.0642,2.5344,0.0,0.0,0.0,0.0,-0.851,0
773.57,-0.2472,0.0642,2.5344,0.0,0.0,0.0,0.0,-0.748,0
774.06,-0.2472,0.0642,2.5344,0.0,0.0,0.0,0.0,-0.853,0
774.56,-0.2472,0.0642,2.5344,0.0,0.0,0.0,0.0,-0.85,0
775.07,-0.2472,0.0642,2.5344,0.0,0.0,0.0,0.0,-0.85,0
775.57,-0.2472,0.0642,2.5344,0.0,0.0,0.0,0.0,-0.748,0
776.07,-0.2472,0.0642,2.5344,0.0,0.0,0.0,0.0,-0.848,0
776.57,-0.2472,0.0642,2.5344,0.0,0.0,0.0,0.0,-0.843,0
777.07,-0.2472,0.0642,2.5344,0.0,0.0,0.0,0.0,-0.847,0
777.57,-0.2472,0.0642,2.5344,0.0,0.0,0.0,0.0,-0.845,0
778.07,-0.2472,0.0642,2.5344,0.0,0.0,0.0,0.0,-0.844,0
778.57,-0.2472,0.0642,2.5344,0.0,0.0,0.0,0.0,-0.846,0
779.07,-0.2472,0.0642,2.5344,0.0,0.0,0.0,0.0,-0.845,0
779.56,-0.2472,0.0642,2.5344,0.0,0.0,0.0,0.0,-0.844,0
780.07,-0.2472,0.0642,2.5344,0.0,0.0,0.0,0.0,-0.84,0
780.56,-0.2472,0.0642,2.5344,0.0,0.0,0.0,0.0,-0.841,0
781.07,-0.2472,0.0642,2.5344,0.0,0.0,0.0,0.0,-0.84,0
781.57,-0.2472,0.0642,2.5344,0.0,0.0,0.0,0.0,-0.839,0
782.07,-0.2472,0.0642,2.5344,0.0,0.0,0.0,0.0,-0.839,0
782.57,-0.2472,0.0642,2.5344,0.0,0.0,0.0,0.0,-0.838,0
783.07,-0.2472,0.0642,2.5344,0.0,0.0,0.0,0.0,-0.831,0
783.57,-0.2472,0.0642,2.5344,0.0,0.0,0.0,0.0,-0.838,0
784.06,-0.2472,0.0642,2.5344,0.0,0.0,0.0,0.0,-0.838,0
784.57,-0.2472,0.0642,2.5344,0.0,0.0,0.0,0.0,-0.83,0
785.07,-0.2472,0.0642,2.5344,0.0,0.0,0.0,0.0,-0.831,0
785.57,-0.2472,0.0642,2.5344,0.0,0.0,0.0,0.0,-0.831,0
786.07,-0.2472,0.0642,2.5344,0.0,0.0,0.0,0.0,-0.829,0
786.57,-0.2472,0.0642,2.5344,0.0,0.0,0.0,0.0,-0.831,0
787.07,-0.2472,0.0642,2.5344,0.0,0.0,0.0,0.0,-0.829,0
787.57,-0.2472,0.0642,2.5344,0.0,0.0,0.0,0.0,-0.83,0
788.07,-0.2472,0.0642,2.5344,0.0,0.0,0.0,0.0,-0.829,0
788.57,-0.2472,0.0642,2.5344,0.0,0.0,0.0,0.0,-0.829,0
789.07,-0.2472,0.0642,2.5344,0.0,0.0,0.0,0.0,-0.827,0
789.57,-0.2472,0.0642,2.5344,0.0,0.0,0.0,0.0,-0.827,0
790.07,-0.2472,0.0642,2.5344,0.0,0.0,0.0,0.0,-0.825,0
790.57,-0.2472,0.0642,2.5344,0.0,0.0,0.0,0.0,-0.826,0
791.07,-0.2472,0.0642,2.5344,0.0,0.0,0.0,0.0,-0.821,0
791.57,-0.2472,0.0642,2.5344,0.0,0.0,0.0,0.0,-0.82,0
792.07,-0.2472,0.0642,2.5344,0.0,0.0,0.0,0.0,-0.824,0
792.57,-0.2472,0.0642,2.5344,0.0,0.0,0.0,0.0,-0.824,0
793.07,-0.2472,0.0642,2.5344,0.0,0.0,0.0,0.0,-0.813,0
793.57,-0.2472,0.0642,2.5344,0.0,0.0,0.0,0.0,-0.822,0
794.07,-0.2472,0.0642,2.5344,0.0,0.0,0.0,0.0,-0.821,0
794.57,-0.2472,0.0642,2.5344,0.0,0.0,0.0,0.0,-0.817,0
795.06,-0.2472,0.0642,2.5344,0.0,0.0,0.0,0.0,-0.818,0
795.57,-0.2472,0.0642,2.5344,0.0,0.0,0.0,0.0,-0.816,0
796.07,-0.2472,0.0642,2.5344,0.0,0.0,0.0,0.0,-0.807,0
796.57,-0.2472,0.0642,2.5344,0.0,0.0,0.0,0.0,-0.816,0
797.07,-0.2472,0.0642,2.5344,0.0,0.0,0.0,0.0,-0.816,0
797.57,-0.2472,0.0642,2.5344,0.0,0.0,0.0,0.0,-0.813,0
798.07,-0.2472,0.0642,2.5344,0.0,0.0,0.0,0.0,-0.816,0
798.56,-0.2472,0.0642,2.5344,0.0,0.0,0.0,0.0,-0.817,0
799.07,-0.2472,0.0642,2.5344,0.0,0.0,0.0,0.0,-0.815,0
799.57,-0.2472,0.0642,2.5344,0.0,0.0,0.0,0.0,-0.813,0
800.07,-0.2472,0.0642,2.5344,0.0,0.0,0.0,0.0,-0.81,0
800.57,-0.2472,0.0642,2.5344,0.0,0.0,0.0,0.0,-0.805,0
801.07,-0.2472,0.0642,2.5344,0.0,0.0,0.0,0.0,-0.809,0
801.57,-0.2472,0.0642,2.5344,0.0,0.0,0.0,0.0,-0.81,0
802.08,-0.2472,0.0642,2.5344,0.0,0.0,0.0,0.0,-0.795,0
802.57,-0.2472,0.0642,2.5344,0.0,0.0,0.0,0.0,-0.809,0
803.07,-0.2472,0.0642,2.5344,0.0,0.0,0.0,0.0,-0.81,0
803.57,-0.2472,0.0642,2.5344,0.0,0.0,0.0,0.0,-0.809,0
804.07,-0.2472,0.0642,2.5344,0.0,0.0,0.0,0.0,-0.806,0
804.57,-0.2472,0.0642,2.5344,0.0,0.0,0.0,0.0,-0.807,0
805.07,-0.2472,0.0642,2.5344,0.0,0.0,0.0,0.0,-0.806,0
805.57,-0.2472,0.0642,2.5344,0.0,0.0,0.0,0.0,-0.806,0
806.07,-0.2472,0.0642,2.5344,0.0,0.0,0.0,0.0,-0.808,0
806.57,-0.2472,0.0642,2.5344,0.0,0.0,0.0,0.0,-0.799,0
807.07,-0.2472,0.0642,2.5344,0.0,0.0,0.0,0.0,-0.802,0
807.57,-0.2472,0.0642,2.5344,0.0,0.0,0.0,0.0,-0.801,0
808.06,-0.2472,0.0642,2.5344,0.0,0.0,0.0,0.0,-0.802,0
808.57,-0.2472,0.0642,2.5344,0.0,0.0,0.0,0.0,-0.8,0
809.07,-0.2472,0.0642,2.5344,0.0,0.0,0.0,0.0,-0.8,0
809.57,-0.2472,0.0642,2.5344,0.0,0.0,0.0,0.0,-0.8,0
810.06,-0.2472,0.0642,2.5344,0.0,0.0,0.0,0.0,-0.8,0
810.57,-0.2472,0.0642,2.5344,0.0,0.0,0.0,0.0,-0.797,0
811.08,-0.2472,0.0642,2.5344,0.0,0.0,0.0,0.0,-0.782,0
811.57,-0.2472,0.0642,2.5344,0.0,0.0,0.0,0.0,-0.799,0
812.06,-0.2472,0.0642,2.5344,0.0,0.0,0.0,0.0,-0.797,0
812.57,-0.2472,0.0642,2.5344,0.0,0.0,0.0,0.0,-0.798,0
813.07,-0.2472,0.0642,2.5344,0.0,0.0,0.0,0.0,-0.797,0
813.57,-0.2472,0.0642,2.5344,0.0,0.0,0.0,0.0,-0.796,0
814.07,-0.2472,0.0642,2.5344,0.0,0.0,0.0,0.0,-0.791,0
814.57,-0.2472,0.0642,2.5344,0.0,0.0,0.0,0.0,-0.792,0
815.07,-0.2472,0.0642,2.5344,0.0,0.0,0.0,0.0,-0.793,0
815.57,-0.2472,0.0642,2.5344,0.0,0.0,0.0,0.0,-0.79,0
816.07,-0.2472,0.0642,2.5344,0.0,0.0,0.0,0.0,-0.793,0
816.57,-0.2472,0.0642,2.5344,0.0,0.0,0.0,0.0,-0.784,0
817.07,-0.2472,0.0642,2.5344,0.0,0.0,0.0,0.0,-0.788,0
817.57,-0.2472,0.0642,2.5344,0.0,0.0,0.0,0.0,-0.786,0
818.07,-0.2472,0.0642,2.5344,0.0,0.0,0.0,0.0,-0.787,0
818.57,-0.2472,0.0642,2.5344,0.0,0.0,0.0,0.0,-0.786,0
819.07,-0.2472,0.0642,2.5344,0.0,0.0,0.0,0.0,-0.784,0
819.57,-0.2472,0.0642,2.5344,0.0,0.0,0.0,0.0,-0.777,0
820.07,-0.2472,0.0642,2.5344,0.0,0.0,0.0,0.0,-0.878,0
820.57,-0.2472,0.0642,2.5344,0.0,0.0,0.0,0.0,-0.78,0
821.07,-0.2472,0.0642,2.5344,0.0,0.0,0.0,0.0,-0.78,0
821.57,-0.2472,0.0642,2.5344,0.0,0.0,0.0,0.0,-0.87,0
822.07,-0.2472,0.0642,2.5344,0.0,0.0,0.0,0.0,-0.779,0
822.57,-0.2472,0.0642,2.5344,0.0,0.0,0.0,0.0,-0.871,0
823.07,-0.2472,0.0642,2.5344,0.0,0.0,0.0,0.0,-0.777,0
823.58,-0.2472,0.0642,2.5344,0.0,0.0,0.0,0.0,-0.866,0
824.08,-0.2472,0.0642,2.5344,0.0,0.0,0.0,0.0,-0.866,0
824.57,-0.2472,0.0642,2.5344,0.0,0.0,0.0,0.0,-0.776,0
825.07,-0.2472,0.0642,2.5344,0.0,0.0,0.0,0.0,-0.875,0
825.57,-0.2472,0.0642,2.5344,0.0,0.0,0.0,0.0,-0.77,0
826.07,-0.2472,0.0642,2.5344,0.0,0.0,0.0,0.0,-0.871,0
826.56,-0.2472,0.0642,2.5344,0.0,0.0,0.0,0.0,-0.871,0
827.07,-0.2472,0.0642,2.5344,0.0,0.0,0.0,0.0,-0.77,0
827.57,-0.2472,0.0642,2.5344,0.0,0.0,0.0,0.0,-0.868,0
828.07,-0.2472,0.0642,2.5344,0.0,0.0,0.0,0.0,-0.865,0
828.57,-0.2472,0.0642,2.5344,0.0,0.0,0.0,0.0,-0.862,0
829.07,-0.2472,0.0642,2.5344,0.0,0.0,0.0,0.0,-0.867,0
829.57,-0.2472,0.0642,2.5344,0.0,0.0,0.0,0.0,-0.767,0
830.07,-0.2472,0.0642,2.5344,0.0,0.0,0.0,0.0,-0.864,0
830.57,-0.2472,0.0642,2.5344,0.0,0.0,0.0,0.0,-0.865,0
831.07,-0.2472,0.0642,2.5344,0.0,0.0,0.0,0.0,-0.869,0
831.57,-0.2472,0.0642,2.5344,0.0,0.0,0.0,0.0,-0.762,0
832.07,-0.2472,0.0642,2.5344,0.0,0.0,0.0,0.0,-0.762,0
832.57,-0.2472,0.0642,2.5344,0.0,0.0,0.0,0.0,-0.861,0
833.07,-0.2472,0.0642,2.5344,0.0,0.0,0.0,0.0,-0.859,0
833.57,-0.2472,0.0642,2.5344,0.0,0.0,0.0,0.0,-0.86,0
834.07,-0.2472,0.0642,2.5344,0.0,0.0,0.0,0.0,-0.757,0
834.58,-0.2472,0.0642,2.5344,0.0,0.0,0.0,0.0,-0.85,0
835.07,-0.2472,0.0642,2.5344,0.0,0.0,0.0,0.0,-0.76,0
835.57,-0.2472,0.0642,2.5344,0.0,0.0,0.0,0.0,-0.758,0
836.07,-0.2472,0.0642,2.5344,0.0,0.0,0.0,0.0,-0.859,0
836.57,-0.2472,0.0642,2.5344,0.0,0.0,0.0,0.0,-0.859,0
837.07,-0.2472,0.0642,2.5344,0.0,0.0,0.0,0.0,-0.858,0
837.57,-0.2472,0.0642,2.5344,0.0,0.0,0.0,0.0,-0.758,0
838.07,-0.2472,0.0642,2.5344,0.0,0.0,0.0,0.0,-0.857,0
838.57,-0.2472,0.0642,2.5344,0.0,0.0,0.0,0.0,-0.859,0
839.07,-0.2472,0.0642,2.5344,0.0,0.0,0.0,0.0,-0.86,0
839.57,-0.2472,0.0642,2.5344,0.0,0.0,0.0,0.0,-0.855,0
840.07,-0.2472,0.0642,2.5344,0.0,0.0,0.0,0.0,-0.853,0
840.56,-0.2472,0.0642,2.5344,0.0,0.0,0.0,0.0,-0.854,0
841.07,-0.2472,0.0642,2.5344,0.0,0.0,0.0,0.0,-0.852,0
841.57,-0.2472,0.0642,2.5344,0.0,0.0,0.0,0.0,-0.853,0
842.07,-0.2472,0.0642,2.5344,0.0,0.0,0.0,0.0,-0.851,0
842.57,-0.2472,0.0642,2.5344,0.0,0.0,0.0,0.0,-0.85,0
843.07,-0.2472,0.0642,2.5344,0.0,0.0,0.0,0.0,-0.848,0
843.57,-0.2472,0.0642,2.5344,0.0,0.0,0.0,0.0,-0.845,0
844.07,-0.2472,0.0642,2.5344,0.0,0.0,0.0,0.0,-0.849,0
844.57,-0.2472,0.0642,2.5344,0.0,0.0,0.0,0.0,-0.848,0
845.07,-0.2472,0.0642,2.5344,0.0,0.0,0.0,0.0,-0.849,0
845.57,-0.2472,0.0642,2.5344,0.0,0.0,0.0,0.0,-0.847,0
846.07,-0.2472,0.0642,2.5344,0.0,0.0,0.0,0.0,-0.848,0
846.57,-0.2472,0.0642,2.5344,0.0,0.0,0.0,0.0,-0.849,0
847.07,-0.2472,0.0642,2.5344,0.0,0.0,0.0,0.0,-0.842,0
847.57,-0.2472,0.0642,2.5344,0.0,0.0,0.0,0.0,-0.845,0
848.07,-0.2472,0.0642,2.5344,0.0,0.0,0.0,0.0,-0.846,0
848.56,-0.2472,0.0642,2.5344,0.0,0.0,0.0,0.0,-0.847,0
849.07,-0.2472,0.0642,2.5344,0.0,0.0,0.0,0.0,-0.841,0
849.57,-0.2472,0.0642,2.5344,0.0,0.0,0.0,0.0,-0.839,0
850.07,-0.2472,0.0642,2.5344,0.0,0.0,0.0,0.0,-0.84,0
850.57,-0.2472,0.0642,2.5344,0.0,0.0,0.0,0.0,-0.84,0
851.07,-0.2472,0.0642,2.5344,0.0,0.0,0.0,0.0,-0.836,0
851.56,-0.2472,0.0642,2.5344,0.0,0.0,0.0,0.0,-0.836,0
852.07,-0.2472,0.0642,2.5344,0.0,0.0,0.0,0.0,-0.836,0
852.57,-0.2472,0.0642,2.5344,0.0,0.0,0.0,0.0,-0.831,0
853.07,-0.2472,0.0642,2.5344,0.0,0.0,0.0,0.0,-0.833,0
853.57,-0.2472,0.0642,2.5344,0.0,0.0,0.0,0.0,-0.833,0
854.07,-0.2472,0.0642,2.5344,0.0,0.0,0.0,0.0,-0.83,0
854.57,-0.2472,0.0642,2.5344,0.0,0.0,0.0,0.0,-0.825,0
855.07,-0.2472,0.0642,2.5344,0.0,0.0,0.0,0.0,-0.829,0
855.56,-0.2472,0.0642,2.5344,0.0,0.0,0.0,0.0,-0.831,0
856.07,-0.2472,0.0642,2.5344,0.0,0.0,0.0,0.0,-0.824,0
856.57,-0.2472,0.0642,2.5344,0.0,0.0,0.0,0.0,-0.826,0
857.07,-0.2472,0.0642,2.5344,0.0,0.0,0.0,0.0,-0.823,0
857.57,-0.2472,0.0642,2.5344,0.0,0.0,0.0,0.0,-0.827,0
858.07,-0.2472,0.0642,2.5344,0.0,0.0,0.0,0.0,-0.829,0
858.57,-0.2472,0.0642,2.5344,0.0,0.0,0.0,0.0,-0.829,0
859.06,-0.2472,0.0642,2.5344,0.0,0.0,0.0,0.0,-0.829,0
859.57,-0.2472,0.0642,2.5344,0.0,0.0,0.0,0.0,-0.822,0
860.07,-0.2472,0.0642,2.5344,0.0,0.0,0.0,0.0,-0.826,0
860.57,-0.2472,0.0642,2.5344,0.0,0.0,0.0,0.0,-0.825,0
861.07,-0.2472,0.0642,2.5344,0.0,0.0,0.0,0.0,-0.825,0
861.57,-0.2472,0.0642,2.5344,0.0,0.0,0.0,0.0,-0.824,0
862.07,-0.2472,0.0642,2.5344,0.0,0.0,0.0,0.0,-0.827,0
862.57,-0.2472,0.0642,2.5344,0.0,0.0,0.0,0.0,-0.825,0
863.07,-0.2472,0.0642,2.5344,0.0,0.0,0.0,0.0,-0.822,0
863.57,-0.2472,0.0642,2.5344,0.0,0.0,0.0,0.0,-0.822,0
864.07,-0.2472,0.0642,2.5344,0.0,0.0,0.0,0.0,-0.822,0
864.57,-0.2472,0.0642,2.5344,0.0,0.0,0.0,0.0,-0.82,0
865.07,-0.2472,0.0642,2.5344,0.0,0.0,0.0,0.0,-0.821,0
865.57,-0.2472,0.0642,2.5344,0.0,0.0,0.0,0.0,-0.819,0
866.07,-0.2472,0.0642,2.5344,0.0,0.0,0.0,0.0,-0.819,0
866.57,-0.2472,0.0642,2.5344,0.0,0.0,0.0,0.0,-0.818,0
867.07,-0.2472,0.0642,2.5344,0.0,0.0,0.0,0.0,-0.81,0
867.57,-0.2472,0.0642,2.5344,0.0,0.0,0.0,0.0,-0.813,0
868.07,-0.2472,0.0642,2.5344,0.0,0.0,0.0,0.0,-0.816,0
868.57,-0.2472,0.0642,2.5344,0.0,0.0,0.0,0.0,-0.812,0
869.07,-0.2472,0.0642,2.5344,0.0,0.0,0.0,0.0,-0.811,0
869.57,-0.2472,0.0642,2.5344,0.0,0.0,0.0,0.0,-0.813,0
870.07,-0.2472,0.0642,2.5344,0.0,0.0,0.0,0.0,-0.807,0
870.57,-0.2472,0.0642,2.5344,0.0,0.0,0.0,0.0,-0.812,0
871.07,-0.2472,0.0642,2.5344,0.0,0.0,0.0,0.0,-0.812,0
871.57,-0.2472,0.0642,2.5344,0.0,0.0,0.0,0.0,-0.81,0
872.07,-0.2472,0.0642,2.5344,0.0,0.0,0.0,0.0,-0.807,0
872.56,-0.2472,0.0642,2.5344,0.0,0.0,0.0,0.0,-0.808,0
873.07,-0.2472,0.0642,2.5344,0.0,0.0,0.0,0.0,-0.801,0
873.57,-0.2472,0.0642,2.5344,0.0,0.0,0.0,0.0,-0.805,0
874.07,-0.2472,0.0642,2.5344,0.0,0.0,0.0,0.0,-0.802,0
874.57,-0.2472,0.0642,2.5344,0.0,0.0,0.0,0.0,-0.803,0
875.07,-0.2472,0.0642,2.5344,0.0,0.0,0.0,0.0,-0.797,0
875.57,-0.2472,0.0642,2.5344,0.0,0.0,0.0,0.0,-0.801,0
876.07,-0.2472,0.0642,2.5344,0.0,0.0,0.0,0.0,-0.794,0
876.56,-0.2472,0.0642,2.5344,0.0,0.0,0.0,0.0,-0.797,0
877.07,-0.2472,0.0642,2.5344,0.0,0.0,0.0,0.0,-0.798,0
877.58,-0.2472,0.0642,2.5344,0.0,0.0,0.0,0.0,-0.782,0
878.07,-0.2472,0.0642,2.5344,0.0,0.0,0.0,0.0,-0.794,0
878.57,-0.2472,0.0642,2.5344,0.0,0.0,0.0,0.0,-0.791,0
879.07,-0.2472,0.0642,2.5344,0.0,0.0,0.0,0.0,-0.791,0
879.57,-0.2472,0.0642,2.5344,0.0,0.0,0.0,0.0,-0.79,0
880.07,-0.2472,0.0642,2.5344,0.0,0.0,0.0,0.0,-0.791,0
880.57,-0.2472,0.0642,2.5344,0.0,0.0,0.0,0.0,-0.89,0
881.07,-0.2472,0.0642,2.5344,0.0,0.0,0.0,0.0,-0.688,0
881.57,-0.2472,0.0642,2.5344,0.0,0.0,0.0,0.0,-0.784,0
882.07,-0.2472,0.0642,2.5344,0.0,0.0,0.0,0.0,-0.885,0
882.57,-0.2472,0.0642,2.5344,0.0,0.0,0.0,0.0,-0.784,0
883.07,-0.2472,0.0642,2.5344,0.0,0.0,0.0,0.0,-0.885,0
883.57,-0.2472,0.0642,2.5344,0.0,0.0,0.0,0.0,-0.776,0
884.07,-0.2472,0.0642,2.5344,0.0,0.0,0.0,0.0,-0.883,0
884.57,-0.2472,0.0642,2.5344,0.0,0.0,0.0,0.0,-0.78,0
885.07,-0.2472,0.0642,2.5344,0.0,0.0,0.0,0.0,-0.781,0
885.56,-0.2472,0.0642,2.5344,0.0,0.0,0.0,0.0,-0.784,0
886.07,-0.2472,0.0642,2.5344,0.0,0.0,0.0,0.0,-0.778,0
886.58,-0.2472,0.0642,2.5344,0.0,0.0,0.0,0.0,-0.77,0
887.07,-0.2472,0.0642,2.5344,0.0,0.0,0.0,0.0,-0.773,0
887.57,-0.2472,0.0642,2.5344,0.0,0.0,0.0,0.0,-0.776,0
888.06,-0.2472,0.0642,2.5344,0.0,0.0,0.0,0.0,-0.873,0
888.57,-0.2472,0.0642,2.5344,0.0,0.0,0.0,0.0,-0.775,0
889.07,-0.2472,0.0642,2.5344,0.0,0.0,0.0,0.0,-0.774,0
889.57,-0.2472,0.0642,2.5344,0.0,0.0,0.0,0.0,-0.876,0
890.07,-0.2472,0.0642,2.5344,0.0,0.0,0.0,0.0,-0.871,0
890.57,-0.2472,0.0642,2.5344,0.0,0.0,0.0,0.0,-0.768,0
891.07,-0.2472,0.0642,2.5344,0.0,0.0,0.0,0.0,-0.767,0
891.57,-0.2472,0.0642,2.5344,0.0,0.0,0.0,0.0,-0.769,0
892.07,-0.2472,0.0642,2.5344,0.0,0.0,0.0,0.0,-0.868,0
892.57,-0.2472,0.0642,2.5344,0.0,0.0,0.0,0.0,-0.866,0
893.06,-0.2472,0.0642,2.5344,0.0,0.0,0.0,0.0,-0.868,0
893.57,-0.2472,0.0642,2.5344,0.0,0.0,0.0,0.0,-0.768,0
894.07,-0.2472,0.0642,2.5344,0.0,0.0,0.0,0.0,-0.768,0
894.57,-0.2472,0.0642,2.5344,0.0,0.0,0.0,0.0,-0.864,0
895.07,-0.2472,0.0642,2.5344,0.0,0.0,0.0,0.0,-0.866,0
895.56,-0.2472,0.0642,2.5344,0.0,0.0,0.0,0.0,-0.763,0
896.07,-0.2472,0.0642,2.5344,0.0,0.0,0.0,0.0,-0.86,0
896.57,-0.2472,0.0642,2.5344,0.0,0.0,0.0,0.0,-0.861,0
897.07,-0.2472,0.0642,2.5344,0.0,0.0,0.0,0.0,-0.861,0
897.57,-0.2472,0.0642,2.5344,0.0,0.0,0.0,0.0,-0.86,0
898.07,-0.2472,0.0642,2.5344,0.0,0.0,0.0,0.0,-0.861,0
898.57,-0.2472,0.0642,2.5344,0.0,0.0,0.0,0.0,-0.861,0
899.07,-0.2472,0.0642,2.5344,0.0,0.0,0.0,0.0,-0.854,0
899.57,-0.2472,0.0642,2.5344,0.0,0.0,0.0,0.0,-0.859,0
